Pasture,Year,vegtype,cover
1,2011,AnnualGr,55
1,2012,AnnualGr,62
1,2013,AnnualGr,36
1,2014,AnnualGr,7
1,2016,AnnualGr,NA
1,2017,AnnualGr,15
1,2018,AnnualGr,20
10,2011,AnnualGr,73
10,2012,AnnualGr,19
10,2013,AnnualGr,15
10,2014,AnnualGr,30
10,2016,AnnualGr,18
10,2017,AnnualGr,19
10,2018,AnnualGr,9
11,2011,AnnualGr,66
11,2012,AnnualGr,5
11,2013,AnnualGr,10
11,2014,AnnualGr,20
11,2016,AnnualGr,21
11,2017,AnnualGr,35
11,2018,AnnualGr,20
12A,2011,AnnualGr,68
12A,2012,AnnualGr,7
12A,2013,AnnualGr,40
12A,2014,AnnualGr,16
12A,2016,AnnualGr,27
12A,2017,AnnualGr,37
12A,2018,AnnualGr,24
12B,2011,AnnualGr,48
12B,2012,AnnualGr,34
12B,2013,AnnualGr,23
12B,2014,AnnualGr,23
12B,2016,AnnualGr,25
12B,2017,AnnualGr,8
12B,2018,AnnualGr,14
14,2011,AnnualGr,39
14,2012,AnnualGr,25
14,2013,AnnualGr,16
14,2014,AnnualGr,12
14,2016,AnnualGr,37
14,2017,AnnualGr,24
14,2018,AnnualGr,38
15,2011,AnnualGr,49
15,2012,AnnualGr,23
15,2013,AnnualGr,35
15,2014,AnnualGr,13
15,2016,AnnualGr,28
15,2017,AnnualGr,12
15,2018,AnnualGr,9
16A,2011,AnnualGr,77
16A,2012,AnnualGr,9
16A,2013,AnnualGr,12
16A,2014,AnnualGr,9
16A,2016,AnnualGr,10
16A,2017,AnnualGr,39
16A,2018,AnnualGr,20
16B,2011,AnnualGr,77
16B,2012,AnnualGr,18
16B,2013,AnnualGr,45
16B,2014,AnnualGr,11
16B,2016,AnnualGr,27
16B,2017,AnnualGr,40
16B,2018,AnnualGr,31
17,2011,AnnualGr,52
17,2012,AnnualGr,18
17,2013,AnnualGr,12
17,2014,AnnualGr,10
17,2016,AnnualGr,37
17,2017,AnnualGr,26
17,2018,AnnualGr,42
18,2011,AnnualGr,49
18,2012,AnnualGr,34
18,2013,AnnualGr,30
18,2014,AnnualGr,6
18,2016,AnnualGr,28
18,2017,AnnualGr,25
18,2018,AnnualGr,36
19,2011,AnnualGr,59
19,2012,AnnualGr,27
19,2013,AnnualGr,NA
19,2014,AnnualGr,30
19,2016,AnnualGr,38
19,2017,AnnualGr,26
19,2018,AnnualGr,42
20,2011,AnnualGr,86
20,2012,AnnualGr,42
20,2013,AnnualGr,40
20,2014,AnnualGr,10
20,2016,AnnualGr,7
20,2017,AnnualGr,8
20,2018,AnnualGr,15
21,2011,AnnualGr,66
21,2012,AnnualGr,36
21,2013,AnnualGr,25
21,2014,AnnualGr,2
21,2016,AnnualGr,8
21,2017,AnnualGr,3
21,2018,AnnualGr,8
22,2011,AnnualGr,87
22,2012,AnnualGr,38
22,2013,AnnualGr,75
22,2014,AnnualGr,10
22,2016,AnnualGr,NA
22,2017,AnnualGr,10
22,2018,AnnualGr,22
23,2011,AnnualGr,75
23,2012,AnnualGr,62
23,2013,AnnualGr,52
23,2014,AnnualGr,2
23,2016,AnnualGr,14
23,2017,AnnualGr,13
23,2018,AnnualGr,8
24,2011,AnnualGr,85
24,2012,AnnualGr,NA
24,2013,AnnualGr,80
24,2014,AnnualGr,48
24,2016,AnnualGr,64
24,2017,AnnualGr,36
24,2018,AnnualGr,70
25,2011,AnnualGr,60
25,2012,AnnualGr,49
25,2013,AnnualGr,41
25,2014,AnnualGr,13
25,2016,AnnualGr,40
25,2017,AnnualGr,53
25,2018,AnnualGr,52
26,2011,AnnualGr,58
26,2012,AnnualGr,25
26,2013,AnnualGr,25
26,2014,AnnualGr,8
26,2016,AnnualGr,24
26,2017,AnnualGr,27
26,2018,AnnualGr,21
27,2011,AnnualGr,66
27,2012,AnnualGr,26
27,2013,AnnualGr,15
27,2014,AnnualGr,7
27,2016,AnnualGr,39
27,2017,AnnualGr,26
27,2018,AnnualGr,36
28,2011,AnnualGr,47
28,2012,AnnualGr,46
28,2013,AnnualGr,10
28,2014,AnnualGr,16
28,2016,AnnualGr,20
28,2017,AnnualGr,46
28,2018,AnnualGr,41
29,2011,AnnualGr,62
29,2012,AnnualGr,51
29,2013,AnnualGr,15
29,2014,AnnualGr,20
29,2016,AnnualGr,37
29,2017,AnnualGr,36
29,2018,AnnualGr,52
2A,2011,AnnualGr,56
2A,2012,AnnualGr,29
2A,2013,AnnualGr,50
2A,2014,AnnualGr,16
2A,2016,AnnualGr,22
2A,2017,AnnualGr,17
2A,2018,AnnualGr,22
2B,2011,AnnualGr,72
2B,2012,AnnualGr,20
2B,2013,AnnualGr,45
2B,2014,AnnualGr,5
2B,2016,AnnualGr,NA
2B,2017,AnnualGr,4
2B,2018,AnnualGr,4
3,2011,AnnualGr,68
3,2012,AnnualGr,45
3,2013,AnnualGr,55
3,2014,AnnualGr,34
3,2016,AnnualGr,17
3,2017,AnnualGr,12
3,2018,AnnualGr,35
30A,2011,AnnualGr,62
30A,2012,AnnualGr,33
30A,2013,AnnualGr,35
30A,2014,AnnualGr,21
30A,2016,AnnualGr,28
30A,2017,AnnualGr,32
30A,2018,AnnualGr,44
30B,2011,AnnualGr,62
30B,2012,AnnualGr,24
30B,2013,AnnualGr,35
30B,2014,AnnualGr,5
30B,2016,AnnualGr,26
30B,2017,AnnualGr,20
30B,2018,AnnualGr,29
31,2011,AnnualGr,55
31,2012,AnnualGr,34
31,2013,AnnualGr,38
31,2014,AnnualGr,16
31,2016,AnnualGr,28
31,2017,AnnualGr,37
31,2018,AnnualGr,51
32,2011,AnnualGr,61
32,2012,AnnualGr,33
32,2013,AnnualGr,25
32,2014,AnnualGr,13
32,2016,AnnualGr,33
32,2017,AnnualGr,32
32,2018,AnnualGr,29
33,2011,AnnualGr,60
33,2012,AnnualGr,33
33,2013,AnnualGr,40
33,2014,AnnualGr,14
33,2016,AnnualGr,26
33,2017,AnnualGr,30
33,2018,AnnualGr,21
34,2011,AnnualGr,52
34,2012,AnnualGr,33
34,2013,AnnualGr,60
34,2014,AnnualGr,21
34,2016,AnnualGr,25
34,2017,AnnualGr,27
34,2018,AnnualGr,22
35,2011,AnnualGr,76
35,2012,AnnualGr,37
35,2013,AnnualGr,48
35,2014,AnnualGr,23
35,2016,AnnualGr,18
35,2017,AnnualGr,16
35,2018,AnnualGr,36
36,2011,AnnualGr,79
36,2012,AnnualGr,31
36,2013,AnnualGr,35
36,2014,AnnualGr,19
36,2016,AnnualGr,33
36,2017,AnnualGr,28
36,2018,AnnualGr,34
37A,2011,AnnualGr,24
37A,2012,AnnualGr,42
37A,2013,AnnualGr,45
37A,2014,AnnualGr,29
37A,2016,AnnualGr,24
37A,2017,AnnualGr,23
37A,2018,AnnualGr,39
37B,2011,AnnualGr,24
37B,2012,AnnualGr,43
37B,2013,AnnualGr,55
37B,2014,AnnualGr,8
37B,2016,AnnualGr,21
37B,2017,AnnualGr,12
37B,2018,AnnualGr,7
38A,2011,AnnualGr,76
38A,2012,AnnualGr,49
38A,2013,AnnualGr,30
38A,2014,AnnualGr,30
38A,2016,AnnualGr,23
38A,2017,AnnualGr,43
38A,2018,AnnualGr,19
38B,2011,AnnualGr,76
38B,2012,AnnualGr,12
38B,2013,AnnualGr,10
38B,2014,AnnualGr,30
38B,2016,AnnualGr,NA
38B,2017,AnnualGr,9
38B,2018,AnnualGr,6
39A,2011,AnnualGr,53
39A,2012,AnnualGr,41
39A,2013,AnnualGr,55
39A,2014,AnnualGr,37
39A,2016,AnnualGr,51
39A,2017,AnnualGr,16
39A,2018,AnnualGr,71
39B,2012,AnnualGr,36
39B,2013,AnnualGr,30
39B,2014,AnnualGr,8
39B,2016,AnnualGr,14
39B,2017,AnnualGr,5
39B,2018,AnnualGr,17
4,2011,AnnualGr,59
4,2012,AnnualGr,52
4,2013,AnnualGr,29
4,2014,AnnualGr,35
4,2016,AnnualGr,35
4,2017,AnnualGr,23
4,2018,AnnualGr,25
40,2011,AnnualGr,71
40,2012,AnnualGr,25
40,2013,AnnualGr,12
40,2014,AnnualGr,26
40,2016,AnnualGr,17
40,2017,AnnualGr,10
40,2018,AnnualGr,5
41,2011,AnnualGr,65
41,2012,AnnualGr,30
41,2013,AnnualGr,19
41,2014,AnnualGr,18
41,2016,AnnualGr,48
41,2017,AnnualGr,50
41,2018,AnnualGr,45
42,2011,AnnualGr,30
42,2012,AnnualGr,50
42,2013,AnnualGr,45
42,2014,AnnualGr,46
42,2016,AnnualGr,28
42,2017,AnnualGr,15
42,2018,AnnualGr,10
43,2011,AnnualGr,51
43,2012,AnnualGr,25
43,2013,AnnualGr,50
43,2014,AnnualGr,38
43,2016,AnnualGr,34
43,2017,AnnualGr,27
43,2018,AnnualGr,10
44,2011,AnnualGr,30
44,2012,AnnualGr,47
44,2013,AnnualGr,35
44,2014,AnnualGr,37
44,2016,AnnualGr,26
44,2017,AnnualGr,16
44,2018,AnnualGr,12
45,2011,AnnualGr,75
45,2012,AnnualGr,51
45,2013,AnnualGr,55
45,2014,AnnualGr,29
45,2016,AnnualGr,28
45,2017,AnnualGr,34
45,2018,AnnualGr,51
46,2011,AnnualGr,49
46,2012,AnnualGr,47
46,2013,AnnualGr,60
46,2014,AnnualGr,41
46,2016,AnnualGr,38
46,2017,AnnualGr,59
46,2018,AnnualGr,45
47,2011,AnnualGr,68
47,2012,AnnualGr,48
47,2013,AnnualGr,70
47,2014,AnnualGr,26
47,2016,AnnualGr,36
47,2017,AnnualGr,56
47,2018,AnnualGr,54
48,2011,AnnualGr,59
48,2012,AnnualGr,53
48,2013,AnnualGr,50
48,2014,AnnualGr,26
48,2016,AnnualGr,28
48,2017,AnnualGr,64
48,2018,AnnualGr,29
49,2011,AnnualGr,51
49,2012,AnnualGr,39
49,2013,AnnualGr,15
49,2014,AnnualGr,36
49,2016,AnnualGr,34
49,2017,AnnualGr,25
49,2018,AnnualGr,14
5,2011,AnnualGr,64
5,2012,AnnualGr,34
5,2013,AnnualGr,30
5,2014,AnnualGr,29
5,2016,AnnualGr,17
5,2017,AnnualGr,14
5,2018,AnnualGr,9
50,2011,AnnualGr,74
50,2012,AnnualGr,59
50,2013,AnnualGr,33
50,2014,AnnualGr,42
50,2016,AnnualGr,53
50,2017,AnnualGr,63
50,2018,AnnualGr,18
51,2011,AnnualGr,72
51,2012,AnnualGr,53
51,2013,AnnualGr,58
51,2014,AnnualGr,42
51,2016,AnnualGr,49
51,2017,AnnualGr,63
51,2018,AnnualGr,12
52,2011,AnnualGr,87
52,2012,AnnualGr,42
52,2013,AnnualGr,40
52,2014,AnnualGr,36
52,2016,AnnualGr,52
52,2017,AnnualGr,33
52,2018,AnnualGr,57
53,2011,AnnualGr,84
53,2012,AnnualGr,71
53,2013,AnnualGr,60
53,2014,AnnualGr,46
53,2016,AnnualGr,60
53,2017,AnnualGr,18
53,2018,AnnualGr,43
55,2011,AnnualGr,95
55,2012,AnnualGr,58
55,2013,AnnualGr,60
55,2014,AnnualGr,43
55,2016,AnnualGr,77
55,2017,AnnualGr,75
55,2018,AnnualGr,75
56,2011,AnnualGr,69
56,2012,AnnualGr,36
56,2013,AnnualGr,32
56,2014,AnnualGr,27
56,2016,AnnualGr,53
56,2017,AnnualGr,33
56,2018,AnnualGr,53
57,2011,AnnualGr,60
57,2012,AnnualGr,39
57,2013,AnnualGr,40
57,2014,AnnualGr,21
57,2016,AnnualGr,25
57,2017,AnnualGr,35
57,2018,AnnualGr,19
58A,2011,AnnualGr,58
58A,2012,AnnualGr,36
58A,2013,AnnualGr,25
58A,2014,AnnualGr,15
58A,2016,AnnualGr,17
58A,2017,AnnualGr,12
58A,2018,AnnualGr,17
58B,2011,AnnualGr,58
58B,2012,AnnualGr,41
58B,2013,AnnualGr,50
58B,2014,AnnualGr,11
58B,2016,AnnualGr,NA
58B,2017,AnnualGr,22
58B,2018,AnnualGr,18
59,2011,AnnualGr,61
59,2012,AnnualGr,26
59,2013,AnnualGr,34
59,2014,AnnualGr,24
59,2016,AnnualGr,22
59,2017,AnnualGr,3
59,2018,AnnualGr,7
60,2012,AnnualGr,55
60,2013,AnnualGr,35
60,2014,AnnualGr,8
60,2016,AnnualGr,18
60,2017,AnnualGr,4
60,2018,AnnualGr,8
61,2011,AnnualGr,75
61,2012,AnnualGr,26
61,2013,AnnualGr,25
61,2014,AnnualGr,25
61,2016,AnnualGr,30
61,2017,AnnualGr,26
61,2018,AnnualGr,31
62,2011,AnnualGr,50
62,2012,AnnualGr,12
62,2013,AnnualGr,31
62,2014,AnnualGr,23
62,2016,AnnualGr,3
62,2017,AnnualGr,34
62,2018,AnnualGr,27
63,2011,AnnualGr,58
63,2012,AnnualGr,50
63,2013,AnnualGr,53
63,2014,AnnualGr,35
63,2016,AnnualGr,40
63,2017,AnnualGr,46
63,2018,AnnualGr,60
64,2011,AnnualGr,61
64,2012,AnnualGr,39
64,2013,AnnualGr,30
64,2014,AnnualGr,21
64,2016,AnnualGr,44
64,2017,AnnualGr,33
64,2018,AnnualGr,50
65,2011,AnnualGr,68
65,2012,AnnualGr,49
65,2013,AnnualGr,35
65,2014,AnnualGr,20
65,2016,AnnualGr,18
65,2017,AnnualGr,22
65,2018,AnnualGr,33
66,2011,AnnualGr,78
66,2012,AnnualGr,41
66,2013,AnnualGr,35
66,2014,AnnualGr,29
66,2016,AnnualGr,19
66,2017,AnnualGr,14
66,2018,AnnualGr,47
67,2011,AnnualGr,64
67,2012,AnnualGr,43
67,2013,AnnualGr,35
67,2014,AnnualGr,50
67,2016,AnnualGr,9
67,2017,AnnualGr,30
67,2018,AnnualGr,64
68,2011,AnnualGr,73
68,2012,AnnualGr,43
68,2013,AnnualGr,19
68,2014,AnnualGr,46
68,2016,AnnualGr,28
68,2017,AnnualGr,13
68,2018,AnnualGr,40
6A,2011,AnnualGr,58
6A,2012,AnnualGr,48
6A,2013,AnnualGr,36
6A,2014,AnnualGr,7
6A,2016,AnnualGr,42
6A,2017,AnnualGr,22
6A,2018,AnnualGr,24
6B,2011,AnnualGr,51
6B,2012,AnnualGr,39
6B,2013,AnnualGr,31
6B,2014,AnnualGr,12
6B,2016,AnnualGr,31
6B,2017,AnnualGr,14
6B,2018,AnnualGr,13
7,2011,AnnualGr,59
7,2012,AnnualGr,29
7,2013,AnnualGr,50
7,2014,AnnualGr,30
7,2016,AnnualGr,27
7,2017,AnnualGr,9
7,2018,AnnualGr,21
8,2011,AnnualGr,58
8,2012,AnnualGr,34
8,2013,AnnualGr,35
8,2014,AnnualGr,31
8,2016,AnnualGr,16
8,2017,AnnualGr,8
8,2018,AnnualGr,14
9,2011,AnnualGr,45
9,2012,AnnualGr,19
9,2013,AnnualGr,45
9,2014,AnnualGr,26
9,2016,AnnualGr,36
9,2017,AnnualGr,18
9,2018,AnnualGr,17
1,2011,BareGround,0.5
1,2012,BareGround,1
1,2013,BareGround,0
1,2014,BareGround,15
1,2016,BareGround,NA
1,2017,BareGround,5
1,2018,BareGround,3
10,2011,BareGround,0.5
10,2012,BareGround,10
10,2013,BareGround,4
10,2014,BareGround,10
10,2016,BareGround,5
10,2017,BareGround,6
10,2018,BareGround,7
11,2011,BareGround,0.5
11,2012,BareGround,23
11,2013,BareGround,0
11,2014,BareGround,15
11,2016,BareGround,14
11,2017,BareGround,2
11,2018,BareGround,7
12A,2011,BareGround,0
12A,2012,BareGround,10
12A,2013,BareGround,10
12A,2014,BareGround,25
12A,2016,BareGround,5
12A,2017,BareGround,5
12A,2018,BareGround,4
12B,2011,BareGround,0.5
12B,2012,BareGround,1
12B,2013,BareGround,3
12B,2014,BareGround,10
12B,2016,BareGround,1
12B,2017,BareGround,2
12B,2018,BareGround,3
14,2011,BareGround,0.5
14,2012,BareGround,3
14,2013,BareGround,2
14,2014,BareGround,15
14,2016,BareGround,1
14,2017,BareGround,5
14,2018,BareGround,5
15,2011,BareGround,3
15,2012,BareGround,10
15,2013,BareGround,5
15,2014,BareGround,20
15,2016,BareGround,15
15,2017,BareGround,5
15,2018,BareGround,6
16A,2011,BareGround,10
16A,2012,BareGround,10
16A,2013,BareGround,1
16A,2014,BareGround,27
16A,2016,BareGround,6
16A,2017,BareGround,3
16A,2018,BareGround,4
16B,2011,BareGround,10
16B,2012,BareGround,10
16B,2013,BareGround,1
16B,2014,BareGround,40
16B,2016,BareGround,7
16B,2017,BareGround,6
16B,2018,BareGround,6
17,2011,BareGround,3
17,2012,BareGround,10
17,2013,BareGround,0
17,2014,BareGround,20
17,2016,BareGround,1
17,2017,BareGround,7
17,2018,BareGround,5
18,2011,BareGround,3
18,2012,BareGround,10
18,2013,BareGround,2
18,2014,BareGround,30
18,2016,BareGround,15
18,2017,BareGround,6
18,2018,BareGround,8
19,2011,BareGround,22.5
19,2012,BareGround,10
19,2013,BareGround,5
19,2014,BareGround,20
19,2016,BareGround,2
19,2017,BareGround,5
19,2018,BareGround,6
20,2011,BareGround,0.5
20,2012,BareGround,3
20,2013,BareGround,5
20,2014,BareGround,5
20,2016,BareGround,1
20,2017,BareGround,3
20,2018,BareGround,2
21,2011,BareGround,10
21,2012,BareGround,3
21,2013,BareGround,7
21,2014,BareGround,10
21,2016,BareGround,2
21,2017,BareGround,8
21,2018,BareGround,2
22,2011,BareGround,3
22,2012,BareGround,3
22,2013,BareGround,5
22,2014,BareGround,30
22,2016,BareGround,30
22,2017,BareGround,12
22,2018,BareGround,11
23,2011,BareGround,10
23,2012,BareGround,3
23,2013,BareGround,15
23,2014,BareGround,39
23,2016,BareGround,23
23,2017,BareGround,6
23,2018,BareGround,4
24,2011,BareGround,0.5
24,2012,BareGround,NA
24,2013,BareGround,5
24,2014,BareGround,5
24,2016,BareGround,10
24,2017,BareGround,7
24,2018,BareGround,5
25,2011,BareGround,3
25,2012,BareGround,3
25,2013,BareGround,1
25,2014,BareGround,10
25,2016,BareGround,15
25,2017,BareGround,5
25,2018,BareGround,3
26,2011,BareGround,0.5
26,2012,BareGround,3
26,2013,BareGround,0
26,2014,BareGround,20
26,2016,BareGround,0.5
26,2017,BareGround,4
26,2018,BareGround,2
27,2011,BareGround,0.5
27,2012,BareGround,3
27,2013,BareGround,0
27,2014,BareGround,20
27,2016,BareGround,1
27,2017,BareGround,3
27,2018,BareGround,2
28,2011,BareGround,0.5
28,2012,BareGround,3
28,2013,BareGround,0
28,2014,BareGround,15
28,2016,BareGround,2
28,2017,BareGround,7
28,2018,BareGround,2
29,2011,BareGround,0.5
29,2012,BareGround,3
29,2013,BareGround,0
29,2014,BareGround,10
29,2016,BareGround,5
29,2017,BareGround,5
29,2018,BareGround,2
2A,2011,BareGround,0.5
2A,2012,BareGround,3
2A,2013,BareGround,2
2A,2014,BareGround,10
2A,2016,BareGround,15
2A,2017,BareGround,2
2A,2018,BareGround,3
2B,2011,BareGround,0
2B,2012,BareGround,3
2B,2013,BareGround,0
2B,2014,BareGround,2
2B,2016,BareGround,NA
2B,2017,BareGround,2
2B,2018,BareGround,1
3,2011,BareGround,0.5
3,2012,BareGround,10
3,2013,BareGround,5
3,2014,BareGround,10
3,2016,BareGround,14
3,2017,BareGround,8
3,2018,BareGround,9
30A,2011,BareGround,0.5
30A,2012,BareGround,10
30A,2013,BareGround,2
30A,2014,BareGround,10
30A,2016,BareGround,10
30A,2017,BareGround,6
30A,2018,BareGround,6
30B,2011,BareGround,0.5
30B,2012,BareGround,3
30B,2013,BareGround,0
30B,2014,BareGround,10
30B,2016,BareGround,1
30B,2017,BareGround,2
30B,2018,BareGround,2
31,2011,BareGround,0.5
31,2012,BareGround,3
31,2013,BareGround,0
31,2014,BareGround,10
31,2016,BareGround,2
31,2017,BareGround,5
31,2018,BareGround,2
32,2011,BareGround,3
32,2012,BareGround,10
32,2013,BareGround,3
32,2014,BareGround,25
32,2016,BareGround,10
32,2017,BareGround,4
32,2018,BareGround,5
33,2011,BareGround,0.5
33,2012,BareGround,3
33,2013,BareGround,2
33,2014,BareGround,20
33,2016,BareGround,3
33,2017,BareGround,6
33,2018,BareGround,3
34,2011,BareGround,0.5
34,2012,BareGround,3
34,2013,BareGround,1
34,2014,BareGround,10
34,2016,BareGround,7
34,2017,BareGround,7
34,2018,BareGround,2
35,2011,BareGround,0.5
35,2012,BareGround,1
35,2013,BareGround,1
35,2014,BareGround,8
35,2016,BareGround,10
35,2017,BareGround,5
35,2018,BareGround,2
36,2011,BareGround,0
36,2012,BareGround,1
36,2013,BareGround,0
36,2014,BareGround,5
36,2016,BareGround,8
36,2017,BareGround,5
36,2018,BareGround,3
37A,2011,BareGround,10
37A,2012,BareGround,3
37A,2013,BareGround,1
37A,2014,BareGround,8
37A,2016,BareGround,18
37A,2017,BareGround,5
37A,2018,BareGround,3
37B,2011,BareGround,10
37B,2012,BareGround,1
37B,2013,BareGround,4
37B,2014,BareGround,10
37B,2016,BareGround,5
37B,2017,BareGround,5
37B,2018,BareGround,1
38A,2011,BareGround,3
38A,2012,BareGround,3
38A,2013,BareGround,0
38A,2014,BareGround,7
38A,2016,BareGround,5
38A,2017,BareGround,6
38A,2018,BareGround,1
38B,2011,BareGround,3
38B,2012,BareGround,23
38B,2013,BareGround,10
38B,2014,BareGround,7
38B,2016,BareGround,NA
38B,2017,BareGround,36
38B,2018,BareGround,17
39A,2011,BareGround,3
39A,2012,BareGround,3
39A,2013,BareGround,0
39A,2014,BareGround,5
39A,2016,BareGround,3
39A,2017,BareGround,10
39A,2018,BareGround,2
39B,2012,BareGround,1
39B,2013,BareGround,0
39B,2014,BareGround,5
39B,2016,BareGround,8
39B,2017,BareGround,6
39B,2018,BareGround,2
4,2011,BareGround,3
4,2012,BareGround,3
4,2013,BareGround,0
4,2014,BareGround,20
4,2016,BareGround,7
4,2017,BareGround,1
4,2018,BareGround,2
40,2011,BareGround,3
40,2012,BareGround,3
40,2013,BareGround,0
40,2014,BareGround,5
40,2016,BareGround,15
40,2017,BareGround,8
40,2018,BareGround,5
41,2011,BareGround,10
41,2012,BareGround,3
41,2013,BareGround,2
41,2014,BareGround,5
41,2016,BareGround,3
41,2017,BareGround,6
41,2018,BareGround,3
42,2011,BareGround,0
42,2012,BareGround,10
42,2013,BareGround,0
42,2014,BareGround,7
42,2016,BareGround,23
42,2017,BareGround,8
42,2018,BareGround,3
43,2011,BareGround,3
43,2012,BareGround,1
43,2013,BareGround,2
43,2014,BareGround,7
43,2016,BareGround,15
43,2017,BareGround,4
43,2018,BareGround,3
44,2011,BareGround,0
44,2012,BareGround,3
44,2013,BareGround,0
44,2014,BareGround,3
44,2016,BareGround,16
44,2017,BareGround,8
44,2018,BareGround,4
45,2011,BareGround,0.5
45,2012,BareGround,3
45,2013,BareGround,10
45,2014,BareGround,15
45,2016,BareGround,13
45,2017,BareGround,12
45,2018,BareGround,3
46,2011,BareGround,0.5
46,2012,BareGround,3
46,2013,BareGround,5
46,2014,BareGround,5
46,2016,BareGround,10
46,2017,BareGround,2
46,2018,BareGround,2
47,2011,BareGround,3
47,2012,BareGround,10
47,2013,BareGround,10
47,2014,BareGround,15
47,2016,BareGround,5
47,2017,BareGround,8
47,2018,BareGround,2
48,2011,BareGround,0.5
48,2012,BareGround,10
48,2013,BareGround,10
48,2014,BareGround,10
48,2016,BareGround,10
48,2017,BareGround,2
48,2018,BareGround,1
49,2011,BareGround,3
49,2012,BareGround,3
49,2013,BareGround,0
49,2014,BareGround,5
49,2016,BareGround,12
49,2017,BareGround,3
49,2018,BareGround,2
5,2011,BareGround,0.5
5,2012,BareGround,3
5,2013,BareGround,0
5,2014,BareGround,2
5,2016,BareGround,5
5,2017,BareGround,10
5,2018,BareGround,2
50,2011,BareGround,0.5
50,2012,BareGround,3
50,2013,BareGround,0
50,2014,BareGround,3
50,2016,BareGround,11
50,2017,BareGround,3
50,2018,BareGround,2
51,2011,BareGround,0.5
51,2012,BareGround,3
51,2013,BareGround,0
51,2014,BareGround,10
51,2016,BareGround,3
51,2017,BareGround,3
51,2018,BareGround,2
52,2011,BareGround,0.5
52,2012,BareGround,3
52,2013,BareGround,3
52,2014,BareGround,10
52,2016,BareGround,8
52,2017,BareGround,11
52,2018,BareGround,2
53,2011,BareGround,0.5
53,2012,BareGround,1
53,2013,BareGround,5
53,2014,BareGround,5
53,2016,BareGround,4
53,2017,BareGround,15
53,2018,BareGround,3
55,2011,BareGround,0
55,2012,BareGround,3
55,2013,BareGround,15
55,2014,BareGround,10
55,2016,BareGround,5
55,2017,BareGround,3
55,2018,BareGround,1
56,2011,BareGround,22.5
56,2012,BareGround,10
56,2013,BareGround,5
56,2014,BareGround,20
56,2016,BareGround,13
56,2017,BareGround,14
56,2018,BareGround,3
57,2011,BareGround,0.5
57,2012,BareGround,3
57,2013,BareGround,8
57,2014,BareGround,15
57,2016,BareGround,4
57,2017,BareGround,13
57,2018,BareGround,4
58A,2011,BareGround,0.5
58A,2012,BareGround,3
58A,2013,BareGround,5
58A,2014,BareGround,15
58A,2016,BareGround,3
58A,2017,BareGround,12
58A,2018,BareGround,6
58B,2011,BareGround,0.5
58B,2012,BareGround,10
58B,2013,BareGround,3
58B,2014,BareGround,25
58B,2016,BareGround,NA
58B,2017,BareGround,14
58B,2018,BareGround,8
59,2011,BareGround,0
59,2012,BareGround,1
59,2013,BareGround,1
59,2014,BareGround,3
59,2016,BareGround,11
59,2017,BareGround,2
59,2018,BareGround,1
60,2012,BareGround,1
60,2013,BareGround,2
60,2014,BareGround,10
60,2016,BareGround,12
60,2017,BareGround,8
60,2018,BareGround,2
61,2011,BareGround,0.5
61,2012,BareGround,10
61,2013,BareGround,2
61,2014,BareGround,10
61,2016,BareGround,14
61,2017,BareGround,4
61,2018,BareGround,2
62,2011,BareGround,3
62,2012,BareGround,23
62,2013,BareGround,2
62,2014,BareGround,8
62,2016,BareGround,12
62,2017,BareGround,3
62,2018,BareGround,1
63,2011,BareGround,10
63,2012,BareGround,10
63,2013,BareGround,5
63,2014,BareGround,27
63,2016,BareGround,19
63,2017,BareGround,8
63,2018,BareGround,5
64,2011,BareGround,0.5
64,2012,BareGround,10
64,2013,BareGround,5
64,2014,BareGround,30
64,2016,BareGround,17
64,2017,BareGround,10
64,2018,BareGround,3
65,2011,BareGround,0.5
65,2012,BareGround,1
65,2013,BareGround,0
65,2014,BareGround,3
65,2016,BareGround,3
65,2017,BareGround,4
65,2018,BareGround,2
66,2011,BareGround,0.5
66,2012,BareGround,10
66,2013,BareGround,0
66,2014,BareGround,10
66,2016,BareGround,23
66,2017,BareGround,16
66,2018,BareGround,4
67,2011,BareGround,0.5
67,2012,BareGround,3
67,2013,BareGround,5
67,2014,BareGround,18
67,2016,BareGround,10
67,2017,BareGround,10
67,2018,BareGround,1
68,2011,BareGround,0.5
68,2012,BareGround,3
68,2013,BareGround,1
68,2014,BareGround,15
68,2016,BareGround,15
68,2017,BareGround,8
68,2018,BareGround,1
6A,2011,BareGround,3
6A,2012,BareGround,10
6A,2013,BareGround,2
6A,2014,BareGround,12
6A,2016,BareGround,2
6A,2017,BareGround,6
6A,2018,BareGround,1
6B,2011,BareGround,3
6B,2012,BareGround,10
6B,2013,BareGround,2
6B,2014,BareGround,10
6B,2016,BareGround,8
6B,2017,BareGround,11
6B,2018,BareGround,9
7,2011,BareGround,0.5
7,2012,BareGround,10
7,2013,BareGround,4
7,2014,BareGround,8
7,2016,BareGround,2
7,2017,BareGround,5
7,2018,BareGround,3
8,2011,BareGround,0
8,2012,BareGround,3
8,2013,BareGround,3
8,2014,BareGround,20
8,2016,BareGround,8
8,2017,BareGround,5
8,2018,BareGround,2
9,2011,BareGround,0
9,2012,BareGround,23
9,2013,BareGround,5
9,2014,BareGround,20
9,2016,BareGround,2
9,2017,BareGround,8
9,2018,BareGround,4
1,2011,Forbs,26
1,2012,Forbs,12
1,2013,Forbs,5
1,2014,Forbs,5
1,2016,Forbs,NA
1,2017,Forbs,8
1,2018,Forbs,7
10,2011,Forbs,7
10,2012,Forbs,34
10,2013,Forbs,5
10,2014,Forbs,2
10,2016,Forbs,7
10,2017,Forbs,13
10,2018,Forbs,10
11,2011,Forbs,6
11,2012,Forbs,35
11,2013,Forbs,15
11,2014,Forbs,3
11,2016,Forbs,3
11,2017,Forbs,12
11,2018,Forbs,18
12A,2011,Forbs,20
12A,2012,Forbs,21
12A,2013,Forbs,3
12A,2014,Forbs,10
12A,2016,Forbs,15
12A,2017,Forbs,12
12A,2018,Forbs,10
12B,2011,Forbs,20
12B,2012,Forbs,11
12B,2013,Forbs,1
12B,2014,Forbs,3
12B,2016,Forbs,9
12B,2017,Forbs,7
12B,2018,Forbs,7
14,2011,Forbs,26
14,2012,Forbs,35
14,2013,Forbs,20
14,2014,Forbs,15
14,2016,Forbs,12
14,2017,Forbs,13
14,2018,Forbs,13
15,2011,Forbs,6
15,2012,Forbs,6
15,2013,Forbs,15
15,2014,Forbs,7
15,2016,Forbs,6
15,2017,Forbs,8
15,2018,Forbs,12
16A,2011,Forbs,11
16A,2012,Forbs,21
16A,2013,Forbs,13
16A,2014,Forbs,10
16A,2016,Forbs,12
16A,2017,Forbs,12
16A,2018,Forbs,10
16B,2011,Forbs,11
16B,2012,Forbs,60
16B,2013,Forbs,40
16B,2014,Forbs,12
16B,2016,Forbs,20
16B,2017,Forbs,11
16B,2018,Forbs,17
17,2011,Forbs,21
17,2012,Forbs,40
17,2013,Forbs,17
17,2014,Forbs,15
17,2016,Forbs,7
17,2017,Forbs,20
17,2018,Forbs,14
18,2011,Forbs,33
18,2012,Forbs,29
18,2013,Forbs,27
18,2014,Forbs,15
18,2016,Forbs,5
18,2017,Forbs,14
18,2018,Forbs,15
19,2011,Forbs,14
19,2012,Forbs,44
19,2013,Forbs,40
19,2014,Forbs,25
19,2016,Forbs,12
19,2017,Forbs,10
19,2018,Forbs,13
20,2011,Forbs,4
20,2012,Forbs,8
20,2013,Forbs,7
20,2014,Forbs,20
20,2016,Forbs,5
20,2017,Forbs,20
20,2018,Forbs,16
21,2011,Forbs,3
21,2012,Forbs,16
21,2013,Forbs,1
21,2014,Forbs,20
21,2016,Forbs,5
21,2017,Forbs,9
21,2018,Forbs,15
22,2011,Forbs,4
22,2012,Forbs,24
22,2013,Forbs,1
22,2014,Forbs,10
22,2016,Forbs,5
22,2017,Forbs,17
22,2018,Forbs,13
23,2011,Forbs,10
23,2012,Forbs,16
23,2013,Forbs,5
23,2014,Forbs,10
23,2016,Forbs,3
23,2017,Forbs,6
23,2018,Forbs,5
24,2011,Forbs,11
24,2012,Forbs,NA
24,2013,Forbs,10
24,2014,Forbs,15
24,2016,Forbs,5
24,2017,Forbs,12
24,2018,Forbs,8
25,2011,Forbs,13
25,2012,Forbs,11
25,2013,Forbs,20
25,2014,Forbs,15
25,2016,Forbs,5
25,2017,Forbs,5
25,2018,Forbs,10
26,2011,Forbs,11
26,2012,Forbs,14
26,2013,Forbs,10
26,2014,Forbs,10
26,2016,Forbs,9
26,2017,Forbs,10
26,2018,Forbs,15
27,2011,Forbs,13
27,2012,Forbs,14
27,2013,Forbs,30
27,2014,Forbs,10
27,2016,Forbs,8
27,2017,Forbs,22
27,2018,Forbs,10
28,2011,Forbs,20
28,2012,Forbs,11
28,2013,Forbs,17
28,2014,Forbs,10
28,2016,Forbs,3
28,2017,Forbs,10
28,2018,Forbs,6
29,2011,Forbs,21
29,2012,Forbs,12
29,2013,Forbs,12
29,2014,Forbs,10
29,2016,Forbs,5
29,2017,Forbs,8
29,2018,Forbs,6
2A,2011,Forbs,13
2A,2012,Forbs,12
2A,2013,Forbs,3
2A,2014,Forbs,15
2A,2016,Forbs,3
2A,2017,Forbs,12
2A,2018,Forbs,7
2B,2011,Forbs,4
2B,2012,Forbs,26
2B,2013,Forbs,3
2B,2014,Forbs,2
2B,2016,Forbs,NA
2B,2017,Forbs,3
2B,2018,Forbs,2
3,2011,Forbs,13
3,2012,Forbs,20
3,2013,Forbs,3
3,2014,Forbs,10
3,2016,Forbs,9
3,2017,Forbs,15
3,2018,Forbs,6
30A,2011,Forbs,1
30A,2012,Forbs,21
30A,2013,Forbs,18
30A,2014,Forbs,10
30A,2016,Forbs,2
30A,2017,Forbs,16
30A,2018,Forbs,13
30B,2011,Forbs,1
30B,2012,Forbs,6
30B,2013,Forbs,3
30B,2014,Forbs,10
30B,2016,Forbs,4
30B,2017,Forbs,7
30B,2018,Forbs,6
31,2011,Forbs,11
31,2012,Forbs,12
31,2013,Forbs,10
31,2014,Forbs,10
31,2016,Forbs,6
31,2017,Forbs,15
31,2018,Forbs,7
32,2011,Forbs,21
32,2012,Forbs,16
32,2013,Forbs,15
32,2014,Forbs,10
32,2016,Forbs,8
32,2017,Forbs,12
32,2018,Forbs,13
33,2011,Forbs,13
33,2012,Forbs,15
33,2013,Forbs,10
33,2014,Forbs,5
33,2016,Forbs,9
33,2017,Forbs,12
33,2018,Forbs,14
34,2011,Forbs,14
34,2012,Forbs,18
34,2013,Forbs,2
34,2014,Forbs,7
34,2016,Forbs,12
34,2017,Forbs,6
34,2018,Forbs,9
35,2011,Forbs,4
35,2012,Forbs,33
35,2013,Forbs,2
35,2014,Forbs,5
35,2016,Forbs,8
35,2017,Forbs,10
35,2018,Forbs,9
36,2011,Forbs,13
36,2012,Forbs,20
36,2013,Forbs,0
36,2014,Forbs,5
36,2016,Forbs,10
36,2017,Forbs,8
36,2018,Forbs,6
37A,2011,Forbs,30
37A,2012,Forbs,16
37A,2013,Forbs,10
37A,2014,Forbs,7
37A,2016,Forbs,7
37A,2017,Forbs,15
37A,2018,Forbs,5
37B,2011,Forbs,30
37B,2012,Forbs,33
37B,2013,Forbs,5
37B,2014,Forbs,3
37B,2016,Forbs,1
37B,2017,Forbs,5
37B,2018,Forbs,3
38A,2011,Forbs,10
38A,2012,Forbs,3
38A,2013,Forbs,5
38A,2014,Forbs,5
38A,2016,Forbs,10
38A,2017,Forbs,20
38A,2018,Forbs,20
38B,2011,Forbs,10
38B,2012,Forbs,7
38B,2013,Forbs,10
38B,2014,Forbs,5
38B,2016,Forbs,NA
38B,2017,Forbs,3
38B,2018,Forbs,5
39A,2011,Forbs,13
39A,2012,Forbs,9
39A,2013,Forbs,8
39A,2014,Forbs,8
39A,2016,Forbs,5
39A,2017,Forbs,16
39A,2018,Forbs,3
39B,2012,Forbs,11
39B,2013,Forbs,10
39B,2014,Forbs,15
39B,2016,Forbs,11
39B,2017,Forbs,8
39B,2018,Forbs,8
4,2011,Forbs,7
4,2012,Forbs,21
4,2013,Forbs,10
4,2014,Forbs,10
4,2016,Forbs,3
4,2017,Forbs,15
4,2018,Forbs,12
40,2011,Forbs,10
40,2012,Forbs,4
40,2013,Forbs,5
40,2014,Forbs,10
40,2016,Forbs,5
40,2017,Forbs,8
40,2018,Forbs,3
41,2011,Forbs,10
41,2012,Forbs,6
41,2013,Forbs,2
41,2014,Forbs,15
41,2016,Forbs,14
41,2017,Forbs,7
41,2018,Forbs,10
42,2011,Forbs,3
42,2012,Forbs,8
42,2013,Forbs,14
42,2014,Forbs,5
42,2016,Forbs,26
42,2017,Forbs,16
42,2018,Forbs,12
43,2011,Forbs,23
43,2012,Forbs,9
43,2013,Forbs,7
43,2014,Forbs,5
43,2016,Forbs,6
43,2017,Forbs,14
43,2018,Forbs,10
44,2011,Forbs,3
44,2012,Forbs,9
44,2013,Forbs,10
44,2014,Forbs,6
44,2016,Forbs,21
44,2017,Forbs,16
44,2018,Forbs,10
45,2011,Forbs,11
45,2012,Forbs,14
45,2013,Forbs,4
45,2014,Forbs,6
45,2016,Forbs,5
45,2017,Forbs,7
45,2018,Forbs,5
46,2011,Forbs,11
46,2012,Forbs,18
46,2013,Forbs,2
46,2014,Forbs,20
46,2016,Forbs,5
46,2017,Forbs,10
46,2018,Forbs,12
47,2011,Forbs,14
47,2012,Forbs,16
47,2013,Forbs,1
47,2014,Forbs,12
47,2016,Forbs,8
47,2017,Forbs,9
47,2018,Forbs,10
48,2011,Forbs,11
48,2012,Forbs,11
48,2013,Forbs,5
48,2014,Forbs,10
48,2016,Forbs,5
48,2017,Forbs,12
48,2018,Forbs,7
49,2011,Forbs,23
49,2012,Forbs,18
49,2013,Forbs,8
49,2014,Forbs,5
49,2016,Forbs,4
49,2017,Forbs,15
49,2018,Forbs,5
5,2011,Forbs,3
5,2012,Forbs,28
5,2013,Forbs,7
5,2014,Forbs,5
5,2016,Forbs,5
5,2017,Forbs,8
5,2018,Forbs,6
50,2011,Forbs,14
50,2012,Forbs,12
50,2013,Forbs,15
50,2014,Forbs,15
50,2016,Forbs,13
50,2017,Forbs,15
50,2018,Forbs,6
51,2011,Forbs,11
51,2012,Forbs,6
51,2013,Forbs,15
51,2014,Forbs,15
51,2016,Forbs,28
51,2017,Forbs,10
51,2018,Forbs,5
52,2011,Forbs,11
52,2012,Forbs,12
52,2013,Forbs,25
52,2014,Forbs,10
52,2016,Forbs,10
52,2017,Forbs,7
52,2018,Forbs,5
53,2011,Forbs,13
53,2012,Forbs,19
53,2013,Forbs,20
53,2014,Forbs,30
53,2016,Forbs,11
53,2017,Forbs,14
53,2018,Forbs,6
55,2011,Forbs,4
55,2012,Forbs,11
55,2013,Forbs,20
55,2014,Forbs,25
55,2016,Forbs,8
55,2017,Forbs,9
55,2018,Forbs,3
56,2011,Forbs,1
56,2012,Forbs,12
56,2013,Forbs,23
56,2014,Forbs,5
56,2016,Forbs,6
56,2017,Forbs,12
56,2018,Forbs,5
57,2011,Forbs,33
57,2012,Forbs,22
57,2013,Forbs,15
57,2014,Forbs,20
57,2016,Forbs,10
57,2017,Forbs,12
57,2018,Forbs,13
58A,2011,Forbs,21
58A,2012,Forbs,21
58A,2013,Forbs,5
58A,2014,Forbs,20
58A,2016,Forbs,10
58A,2017,Forbs,13
58A,2018,Forbs,13
58B,2011,Forbs,21
58B,2012,Forbs,21
58B,2013,Forbs,7
58B,2014,Forbs,7
58B,2016,Forbs,NA
58B,2017,Forbs,3
58B,2018,Forbs,7
59,2011,Forbs,1
59,2012,Forbs,12
59,2013,Forbs,2
59,2014,Forbs,5
59,2016,Forbs,9
59,2017,Forbs,10
59,2018,Forbs,8
60,2012,Forbs,5
60,2013,Forbs,10
60,2014,Forbs,6
60,2016,Forbs,7
60,2017,Forbs,10
60,2018,Forbs,10
61,2011,Forbs,11
61,2012,Forbs,21
61,2013,Forbs,20
61,2014,Forbs,20
61,2016,Forbs,4
61,2017,Forbs,8
61,2018,Forbs,13
62,2011,Forbs,21
62,2012,Forbs,28
62,2013,Forbs,20
62,2014,Forbs,10
62,2016,Forbs,10
62,2017,Forbs,9
62,2018,Forbs,13
63,2011,Forbs,23
63,2012,Forbs,18
63,2013,Forbs,5
63,2014,Forbs,15
63,2016,Forbs,3
63,2017,Forbs,12
63,2018,Forbs,12
64,2011,Forbs,23
64,2012,Forbs,31
64,2013,Forbs,40
64,2014,Forbs,20
64,2016,Forbs,3
64,2017,Forbs,19
64,2018,Forbs,10
65,2011,Forbs,11
65,2012,Forbs,5
65,2013,Forbs,1
65,2014,Forbs,15
65,2016,Forbs,7
65,2017,Forbs,10
65,2018,Forbs,5
66,2011,Forbs,11
66,2012,Forbs,11
66,2013,Forbs,15
66,2014,Forbs,20
66,2016,Forbs,7
66,2017,Forbs,7
66,2018,Forbs,12
67,2011,Forbs,21
67,2012,Forbs,21
67,2013,Forbs,5
67,2014,Forbs,10
67,2016,Forbs,7
67,2017,Forbs,12
67,2018,Forbs,6
68,2011,Forbs,14
68,2012,Forbs,14
68,2013,Forbs,0
68,2014,Forbs,5
68,2016,Forbs,5
68,2017,Forbs,7
68,2018,Forbs,12
6A,2011,Forbs,13
6A,2012,Forbs,11
6A,2013,Forbs,3
6A,2014,Forbs,3
6A,2016,Forbs,6
6A,2017,Forbs,12
6A,2018,Forbs,8
6B,2011,Forbs,33
6B,2012,Forbs,13
6B,2013,Forbs,1
6B,2014,Forbs,2
6B,2016,Forbs,6
6B,2017,Forbs,10
6B,2018,Forbs,6
7,2011,Forbs,20
7,2012,Forbs,27
7,2013,Forbs,5
7,2014,Forbs,5
7,2016,Forbs,6
7,2017,Forbs,10
7,2018,Forbs,9
8,2011,Forbs,21
8,2012,Forbs,31
8,2013,Forbs,2
8,2014,Forbs,5
8,2016,Forbs,3
8,2017,Forbs,8
8,2018,Forbs,10
9,2011,Forbs,21
9,2012,Forbs,33
9,2013,Forbs,5
9,2014,Forbs,5
9,2016,Forbs,7
9,2017,Forbs,7
9,2018,Forbs,12
1,2011,Grass,71
1,2012,Grass,65
1,2013,Grass,61
1,2014,Grass,67
1,2016,Grass,NA
1,2017,Grass,37
1,2018,Grass,65
10,2011,Grass,78
10,2012,Grass,22
10,2013,Grass,40
10,2014,Grass,50
10,2016,Grass,25
10,2017,Grass,32
10,2018,Grass,46
11,2011,Grass,83
11,2012,Grass,7
11,2013,Grass,20
11,2014,Grass,25
11,2016,Grass,35
11,2017,Grass,50
11,2018,Grass,50
12A,2011,Grass,76
12A,2012,Grass,10
12A,2013,Grass,45
12A,2014,Grass,20
12A,2016,Grass,33
12A,2017,Grass,49
12A,2018,Grass,60
12B,2011,Grass,67
12B,2012,Grass,53
12B,2013,Grass,58
12B,2014,Grass,40
12B,2016,Grass,50
12B,2017,Grass,35
12B,2018,Grass,46
14,2011,Grass,45
14,2012,Grass,29
14,2013,Grass,23
14,2014,Grass,24
14,2016,Grass,43
14,2017,Grass,27
14,2018,Grass,51
15,2011,Grass,61
15,2012,Grass,45
15,2013,Grass,40
15,2014,Grass,37
15,2016,Grass,30
15,2017,Grass,35
15,2018,Grass,44
16A,2011,Grass,79
16A,2012,Grass,9
16A,2013,Grass,15
16A,2014,Grass,10
16A,2016,Grass,18
16A,2017,Grass,49
16A,2018,Grass,56
16B,2011,Grass,79
16B,2012,Grass,19
16B,2013,Grass,50
16B,2014,Grass,15
16B,2016,Grass,36
16B,2017,Grass,46
16B,2018,Grass,45
17,2011,Grass,53
17,2012,Grass,20
17,2013,Grass,25
17,2014,Grass,18
17,2016,Grass,40
17,2017,Grass,27
17,2018,Grass,52
18,2011,Grass,58
18,2012,Grass,34
18,2013,Grass,48
18,2014,Grass,11
18,2016,Grass,30
18,2017,Grass,28
18,2018,Grass,52
19,2011,Grass,59
19,2012,Grass,27
19,2013,Grass,40
19,2014,Grass,35
19,2016,Grass,41
19,2017,Grass,28
19,2018,Grass,53
20,2011,Grass,89
20,2012,Grass,45
20,2013,Grass,45
20,2014,Grass,13
20,2016,Grass,14
20,2017,Grass,18
20,2018,Grass,30
21,2011,Grass,68
21,2012,Grass,42
21,2013,Grass,35
21,2014,Grass,12
21,2016,Grass,13
21,2017,Grass,16
21,2018,Grass,25
22,2011,Grass,89
22,2012,Grass,47
22,2013,Grass,80
22,2014,Grass,20
22,2016,Grass,15
22,2017,Grass,16
22,2018,Grass,37
23,2011,Grass,79
23,2012,Grass,73
23,2013,Grass,57
23,2014,Grass,15
23,2016,Grass,15
23,2017,Grass,17
23,2018,Grass,16
24,2011,Grass,85
24,2012,Grass,NA
24,2013,Grass,80
24,2014,Grass,50
24,2016,Grass,67
24,2017,Grass,37
24,2018,Grass,78
25,2011,Grass,69
25,2012,Grass,54
25,2013,Grass,56
25,2014,Grass,32
25,2016,Grass,42
25,2017,Grass,59
25,2018,Grass,70
26,2011,Grass,69
26,2012,Grass,37
26,2013,Grass,45
26,2014,Grass,12
26,2016,Grass,36
26,2017,Grass,30
26,2018,Grass,26
27,2011,Grass,82
27,2012,Grass,40
27,2013,Grass,30
27,2014,Grass,23
27,2016,Grass,45
27,2017,Grass,29
27,2018,Grass,52
28,2011,Grass,68
28,2012,Grass,53
28,2013,Grass,35
28,2014,Grass,24
28,2016,Grass,40
28,2017,Grass,57
28,2018,Grass,68
29,2011,Grass,71
29,2012,Grass,54
29,2013,Grass,25
29,2014,Grass,23
29,2016,Grass,40
29,2017,Grass,45
29,2018,Grass,58
2A,2011,Grass,73
2A,2012,Grass,30
2A,2013,Grass,65
2A,2014,Grass,32
2A,2016,Grass,37
2A,2017,Grass,43
2A,2018,Grass,54
2B,2011,Grass,86
2B,2012,Grass,37
2B,2013,Grass,85
2B,2014,Grass,90
2B,2016,Grass,NA
2B,2017,Grass,41
2B,2018,Grass,88
3,2011,Grass,77
3,2012,Grass,47
3,2013,Grass,70
3,2014,Grass,56
3,2016,Grass,31
3,2017,Grass,33
3,2018,Grass,59
30A,2011,Grass,90
30A,2012,Grass,35
30A,2013,Grass,50
30A,2014,Grass,23
30A,2016,Grass,30
30A,2017,Grass,35
30A,2018,Grass,55
30B,2011,Grass,90
30B,2012,Grass,43
30B,2013,Grass,45
30B,2014,Grass,13
30B,2016,Grass,28
30B,2017,Grass,21
30B,2018,Grass,42
31,2011,Grass,84
31,2012,Grass,48
31,2013,Grass,58
31,2014,Grass,23
31,2016,Grass,34
31,2017,Grass,41
31,2018,Grass,73
32,2011,Grass,72
32,2012,Grass,36
32,2013,Grass,35
32,2014,Grass,21
32,2016,Grass,35
32,2017,Grass,38
32,2018,Grass,41
33,2011,Grass,84
33,2012,Grass,44
33,2013,Grass,50
33,2014,Grass,28
33,2016,Grass,31
33,2017,Grass,35
33,2018,Grass,42
34,2011,Grass,81
34,2012,Grass,41
34,2013,Grass,77
34,2014,Grass,59
34,2016,Grass,32
34,2017,Grass,34
34,2018,Grass,45
35,2011,Grass,89
35,2012,Grass,42
35,2013,Grass,50
35,2014,Grass,35
35,2016,Grass,28
35,2017,Grass,20
35,2018,Grass,52
36,2011,Grass,82
36,2012,Grass,37
36,2013,Grass,45
36,2014,Grass,29
36,2016,Grass,39
36,2017,Grass,35
36,2018,Grass,45
37A,2011,Grass,40
37A,2012,Grass,48
37A,2013,Grass,50
37A,2014,Grass,45
37A,2016,Grass,30
37A,2017,Grass,31
37A,2018,Grass,56
37B,2011,Grass,40
37B,2012,Grass,57
37B,2013,Grass,75
37B,2014,Grass,54
37B,2016,Grass,60
37B,2017,Grass,77
37B,2018,Grass,66
38A,2011,Grass,81
38A,2012,Grass,62
38A,2013,Grass,45
38A,2014,Grass,35
38A,2016,Grass,26
38A,2017,Grass,46
38A,2018,Grass,27
38B,2011,Grass,81
38B,2012,Grass,12
38B,2013,Grass,20
38B,2014,Grass,35
38B,2016,Grass,NA
38B,2017,Grass,9
38B,2018,Grass,7
39A,2011,Grass,71
39A,2012,Grass,44
39A,2013,Grass,64
39A,2014,Grass,43
39A,2016,Grass,54
39A,2017,Grass,17
39A,2018,Grass,79
39B,2012,Grass,45
39B,2013,Grass,45
39B,2014,Grass,21
39B,2016,Grass,24
39B,2017,Grass,8
39B,2018,Grass,58
4,2011,Grass,86
4,2012,Grass,60
4,2013,Grass,79
4,2014,Grass,58
4,2016,Grass,59
4,2017,Grass,60
4,2018,Grass,83
40,2011,Grass,78
40,2012,Grass,29
40,2013,Grass,15
40,2014,Grass,28
40,2016,Grass,18
40,2017,Grass,19
40,2018,Grass,5
41,2011,Grass,65
41,2012,Grass,31
41,2013,Grass,21
41,2014,Grass,19
41,2016,Grass,50
41,2017,Grass,54
41,2018,Grass,50
42,2011,Grass,91
42,2012,Grass,58
42,2013,Grass,50
42,2014,Grass,58
42,2016,Grass,30
42,2017,Grass,21
42,2018,Grass,10
43,2011,Grass,61
43,2012,Grass,44
43,2013,Grass,58
43,2014,Grass,45
43,2016,Grass,40
43,2017,Grass,37
43,2018,Grass,20
44,2011,Grass,91
44,2012,Grass,65
44,2013,Grass,48
44,2014,Grass,61
44,2016,Grass,40
44,2017,Grass,33
44,2018,Grass,30
45,2011,Grass,77
45,2012,Grass,54
45,2013,Grass,55
45,2014,Grass,30
45,2016,Grass,30
45,2017,Grass,35
45,2018,Grass,54
46,2011,Grass,77
46,2012,Grass,56
46,2013,Grass,60
46,2014,Grass,43
46,2016,Grass,40
46,2017,Grass,63
46,2018,Grass,48
47,2011,Grass,80
47,2012,Grass,56
47,2013,Grass,70
47,2014,Grass,35
47,2016,Grass,39
47,2017,Grass,57
47,2018,Grass,57
48,2011,Grass,88
48,2012,Grass,62
48,2013,Grass,50
48,2014,Grass,35
48,2016,Grass,31
48,2017,Grass,66
48,2018,Grass,31
49,2011,Grass,61
49,2012,Grass,53
49,2013,Grass,25
49,2014,Grass,42
49,2016,Grass,40
49,2017,Grass,27
49,2018,Grass,20
5,2011,Grass,92
5,2012,Grass,44
5,2013,Grass,60
5,2014,Grass,73
5,2016,Grass,37
5,2017,Grass,34
5,2018,Grass,63
50,2011,Grass,85
50,2012,Grass,70
50,2013,Grass,40
50,2014,Grass,49
50,2016,Grass,58
50,2017,Grass,65
50,2018,Grass,30
51,2011,Grass,84
51,2012,Grass,56
51,2013,Grass,58
51,2014,Grass,47
51,2016,Grass,53
51,2017,Grass,66
51,2018,Grass,15
52,2011,Grass,87
52,2012,Grass,43
52,2013,Grass,47
52,2014,Grass,38
52,2016,Grass,53
52,2017,Grass,35
52,2018,Grass,63
53,2011,Grass,86
53,2012,Grass,71
53,2013,Grass,65
53,2014,Grass,48
53,2016,Grass,61
53,2017,Grass,18
53,2018,Grass,45
55,2011,Grass,95
55,2012,Grass,61
55,2013,Grass,62
55,2014,Grass,45
55,2016,Grass,79
55,2017,Grass,79
55,2018,Grass,79
56,2011,Grass,70
56,2012,Grass,37
56,2013,Grass,37
56,2014,Grass,28
56,2016,Grass,54
56,2017,Grass,35
56,2018,Grass,59
57,2011,Grass,60
57,2012,Grass,39
57,2013,Grass,45
57,2014,Grass,30
57,2016,Grass,40
57,2017,Grass,39
57,2018,Grass,31
58A,2011,Grass,58
58A,2012,Grass,45
58A,2013,Grass,30
58A,2014,Grass,21
58A,2016,Grass,24
58A,2017,Grass,15
58A,2018,Grass,34
58B,2011,Grass,58
58B,2012,Grass,42
58B,2013,Grass,55
58B,2014,Grass,12
58B,2016,Grass,NA
58B,2017,Grass,28
58B,2018,Grass,24
59,2011,Grass,73
59,2012,Grass,32
59,2013,Grass,64
59,2014,Grass,48
59,2016,Grass,27
59,2017,Grass,36
59,2018,Grass,69
60,2012,Grass,64
60,2013,Grass,73
60,2014,Grass,40
60,2016,Grass,44
60,2017,Grass,45
60,2018,Grass,75
61,2011,Grass,84
61,2012,Grass,27
61,2013,Grass,31
61,2014,Grass,28
61,2016,Grass,30
61,2017,Grass,28
61,2018,Grass,45
62,2011,Grass,71
62,2012,Grass,13
62,2013,Grass,46
62,2014,Grass,39
62,2016,Grass,19
62,2017,Grass,38
62,2018,Grass,54
63,2011,Grass,65
63,2012,Grass,56
63,2013,Grass,58
63,2014,Grass,37
63,2016,Grass,42
63,2017,Grass,47
63,2018,Grass,75
64,2011,Grass,72
64,2012,Grass,40
64,2013,Grass,35
64,2014,Grass,22
64,2016,Grass,46
64,2017,Grass,35
64,2018,Grass,63
65,2011,Grass,77
65,2012,Grass,50
65,2013,Grass,44
65,2014,Grass,28
65,2016,Grass,22
65,2017,Grass,23
65,2018,Grass,47
66,2011,Grass,85
66,2012,Grass,44
66,2013,Grass,40
66,2014,Grass,44
66,2016,Grass,20
66,2017,Grass,19
66,2018,Grass,52
67,2011,Grass,74
67,2012,Grass,59
67,2013,Grass,45
67,2014,Grass,53
67,2016,Grass,30
67,2017,Grass,32
67,2018,Grass,71
68,2011,Grass,82
68,2012,Grass,54
68,2013,Grass,24
68,2014,Grass,49
68,2016,Grass,33
68,2017,Grass,22
68,2018,Grass,53
6A,2011,Grass,80
6A,2012,Grass,51
6A,2013,Grass,86
6A,2014,Grass,70
6A,2016,Grass,80
6A,2017,Grass,57
6A,2018,Grass,80
6B,2011,Grass,54
6B,2012,Grass,48
6B,2013,Grass,86
6B,2014,Grass,80
6B,2016,Grass,67
6B,2017,Grass,36
6B,2018,Grass,67
7,2011,Grass,75
7,2012,Grass,41
7,2013,Grass,80
7,2014,Grass,75
7,2016,Grass,56
7,2017,Grass,35
7,2018,Grass,69
8,2011,Grass,74
8,2012,Grass,41
8,2013,Grass,75
8,2014,Grass,57
8,2016,Grass,25
8,2017,Grass,17
8,2018,Grass,72
9,2011,Grass,68
9,2012,Grass,26
9,2013,Grass,70
9,2014,Grass,40
9,2016,Grass,50
9,2017,Grass,43
9,2018,Grass,43
1,2011,Misc,0.5
1,2012,Misc,1
1,2013,Misc,3
1,2014,Misc,0
1,2016,Misc,NA
1,2017,Misc,15
1,2018,Misc,2
10,2011,Misc,0.5
10,2012,Misc,1
10,2013,Misc,1
10,2014,Misc,0
10,2016,Misc,0.5
10,2017,Misc,1
10,2018,Misc,1
11,2011,Misc,0
11,2012,Misc,4
11,2013,Misc,3
11,2014,Misc,1
11,2016,Misc,3
11,2017,Misc,1
11,2018,Misc,1
12A,2011,Misc,0.5
12A,2012,Misc,1
12A,2013,Misc,0
12A,2014,Misc,0
12A,2016,Misc,0
12A,2017,Misc,1
12A,2018,Misc,0.5
12B,2011,Misc,0.5
12B,2012,Misc,2
12B,2013,Misc,2
12B,2014,Misc,1
12B,2016,Misc,1
12B,2017,Misc,6
12B,2018,Misc,2
14,2011,Misc,0.5
14,2012,Misc,1
14,2013,Misc,0
14,2014,Misc,1
14,2016,Misc,0.5
14,2017,Misc,1
14,2018,Misc,0.5
15,2011,Misc,0.5
15,2012,Misc,1
15,2013,Misc,5
15,2014,Misc,1
15,2016,Misc,0.5
15,2017,Misc,1
15,2018,Misc,0.5
16A,2011,Misc,0
16A,2012,Misc,1
16A,2013,Misc,2
16A,2014,Misc,0
16A,2016,Misc,2
16A,2017,Misc,2
16A,2018,Misc,1
16B,2011,Misc,0
16B,2012,Misc,1
16B,2013,Misc,0
16B,2014,Misc,1
16B,2016,Misc,0.5
16B,2017,Misc,1
16B,2018,Misc,0.5
17,2011,Misc,0
17,2012,Misc,1
17,2013,Misc,0
17,2014,Misc,1
17,2016,Misc,0.5
17,2017,Misc,0.5
17,2018,Misc,0
18,2011,Misc,0
18,2012,Misc,5
18,2013,Misc,1
18,2014,Misc,1
18,2016,Misc,0.5
18,2017,Misc,0.5
18,2018,Misc,1
19,2011,Misc,0.5
19,2012,Misc,11
19,2013,Misc,0
19,2014,Misc,0
19,2016,Misc,0.5
19,2017,Misc,1
19,2018,Misc,1
20,2011,Misc,0
20,2012,Misc,1
20,2013,Misc,0
20,2014,Misc,1
20,2016,Misc,0.5
20,2017,Misc,0.5
20,2018,Misc,0.5
21,2011,Misc,7
21,2012,Misc,7
21,2013,Misc,5
21,2014,Misc,10
21,2016,Misc,27
21,2017,Misc,17
21,2018,Misc,10
22,2011,Misc,0.5
22,2012,Misc,1
22,2013,Misc,1
22,2014,Misc,0
22,2016,Misc,10
22,2017,Misc,18
22,2018,Misc,5
23,2011,Misc,0.5
23,2012,Misc,4
23,2013,Misc,4
23,2014,Misc,5
23,2016,Misc,26
23,2017,Misc,31
23,2018,Misc,23
24,2011,Misc,0
24,2012,Misc,NA
24,2013,Misc,0
24,2014,Misc,0
24,2016,Misc,0.5
24,2017,Misc,0.5
24,2018,Misc,0.5
25,2011,Misc,0.5
25,2012,Misc,1
25,2013,Misc,2
25,2014,Misc,0
25,2016,Misc,0.5
25,2017,Misc,0.5
25,2018,Misc,0.5
26,2011,Misc,0.5
26,2012,Misc,1
26,2013,Misc,0
26,2014,Misc,0
26,2016,Misc,0.5
26,2017,Misc,0.5
26,2018,Misc,0.5
27,2011,Misc,0.5
27,2012,Misc,3
27,2013,Misc,7
27,2014,Misc,3
27,2016,Misc,2
27,2017,Misc,4
27,2018,Misc,2
28,2011,Misc,0
28,2012,Misc,1
28,2013,Misc,0
28,2014,Misc,0
28,2016,Misc,0.5
28,2017,Misc,0.5
28,2018,Misc,0.5
29,2011,Misc,0.5
29,2012,Misc,1
29,2013,Misc,0
29,2014,Misc,1
29,2016,Misc,0.5
29,2017,Misc,0.5
29,2018,Misc,0
2A,2011,Misc,1
2A,2012,Misc,6
2A,2013,Misc,1
2A,2014,Misc,0
2A,2016,Misc,1
2A,2017,Misc,2
2A,2018,Misc,1
2B,2011,Misc,1
2B,2012,Misc,4
2B,2013,Misc,0
2B,2014,Misc,0
2B,2016,Misc,NA
2B,2017,Misc,2
2B,2018,Misc,2
3,2011,Misc,0.5
3,2012,Misc,1
3,2013,Misc,0
3,2014,Misc,1
3,2016,Misc,0.5
3,2017,Misc,1
3,2018,Misc,3
30A,2011,Misc,0.5
30A,2012,Misc,1
30A,2013,Misc,0
30A,2014,Misc,0
30A,2016,Misc,0.5
30A,2017,Misc,0.5
30A,2018,Misc,0
30B,2011,Misc,0.5
30B,2012,Misc,1
30B,2013,Misc,0
30B,2014,Misc,0
30B,2016,Misc,0.5
30B,2017,Misc,0.5
30B,2018,Misc,0.5
31,2011,Misc,0.5
31,2012,Misc,1
31,2013,Misc,5
31,2014,Misc,1
31,2016,Misc,1
31,2017,Misc,0.5
31,2018,Misc,0.5
32,2011,Misc,0.5
32,2012,Misc,1
32,2013,Misc,0
32,2014,Misc,1
32,2016,Misc,0.5
32,2017,Misc,0.5
32,2018,Misc,0.5
33,2011,Misc,0.5
33,2012,Misc,1
33,2013,Misc,0
33,2014,Misc,0
33,2016,Misc,0.5
33,2017,Misc,0.5
33,2018,Misc,0.5
34,2011,Misc,0.5
34,2012,Misc,2
34,2013,Misc,0
34,2014,Misc,0
34,2016,Misc,0.5
34,2017,Misc,5
34,2018,Misc,0.5
35,2011,Misc,0.5
35,2012,Misc,4
35,2013,Misc,1
35,2014,Misc,1
35,2016,Misc,0.5
35,2017,Misc,1
35,2018,Misc,3
36,2011,Misc,0.5
36,2012,Misc,1
36,2013,Misc,4
36,2014,Misc,0
36,2016,Misc,1
36,2017,Misc,1
36,2018,Misc,0.5
37A,2011,Misc,0.5
37A,2012,Misc,3
37A,2013,Misc,1
37A,2014,Misc,2
37A,2016,Misc,3
37A,2017,Misc,1
37A,2018,Misc,1
37B,2011,Misc,0.5
37B,2012,Misc,5
37B,2013,Misc,0
37B,2014,Misc,1
37B,2016,Misc,0.5
37B,2017,Misc,1
37B,2018,Misc,1
38A,2011,Misc,3
38A,2012,Misc,14
38A,2013,Misc,10
38A,2014,Misc,15
38A,2016,Misc,5
38A,2017,Misc,7
38A,2018,Misc,6
38B,2011,Misc,3
38B,2012,Misc,51
38B,2013,Misc,0
38B,2014,Misc,15
38B,2016,Misc,NA
38B,2017,Misc,4
38B,2018,Misc,0
39A,2011,Misc,3
39A,2012,Misc,13
39A,2013,Misc,2
39A,2014,Misc,5
39A,2016,Misc,0
39A,2017,Misc,1
39A,2018,Misc,0
39B,2012,Misc,5
39B,2013,Misc,10
39B,2014,Misc,7
39B,2016,Misc,3
39B,2017,Misc,4
39B,2018,Misc,6
4,2011,Misc,0.5
4,2012,Misc,1
4,2013,Misc,1
4,2014,Misc,0
4,2016,Misc,0.5
4,2017,Misc,1
4,2018,Misc,1
40,2011,Misc,0
40,2012,Misc,24
40,2013,Misc,0
40,2014,Misc,5
40,2016,Misc,0.5
40,2017,Misc,1
40,2018,Misc,3
41,2011,Misc,3
41,2012,Misc,1
41,2013,Misc,5
41,2014,Misc,2
41,2016,Misc,0
41,2017,Misc,1
41,2018,Misc,2
42,2011,Misc,0
42,2012,Misc,1
42,2013,Misc,4
42,2014,Misc,0
42,2016,Misc,0.5
42,2017,Misc,0
42,2018,Misc,0.5
43,2011,Misc,0
43,2012,Misc,1
43,2013,Misc,3
43,2014,Misc,0
43,2016,Misc,0.5
43,2017,Misc,0.5
43,2018,Misc,0.5
44,2011,Misc,0
44,2012,Misc,1
44,2013,Misc,0
44,2014,Misc,0
44,2016,Misc,0.5
44,2017,Misc,0.5
44,2018,Misc,0
45,2011,Misc,0.5
45,2012,Misc,1
45,2013,Misc,0
45,2014,Misc,0
45,2016,Misc,0
45,2017,Misc,3
45,2018,Misc,1
46,2011,Misc,0.5
46,2012,Misc,0
46,2013,Misc,0
46,2014,Misc,0
46,2016,Misc,0.5
46,2017,Misc,0.5
46,2018,Misc,0.5
47,2011,Misc,0
47,2012,Misc,1
47,2013,Misc,0
47,2014,Misc,1
47,2016,Misc,0.5
47,2017,Misc,0.5
47,2018,Misc,0.5
48,2011,Misc,0
48,2012,Misc,1
48,2013,Misc,0
48,2014,Misc,0
48,2016,Misc,0
48,2017,Misc,1
48,2018,Misc,2
49,2011,Misc,0
49,2012,Misc,1
49,2013,Misc,0
49,2014,Misc,0
49,2016,Misc,0
49,2017,Misc,0.5
49,2018,Misc,0.5
5,2011,Misc,0.5
5,2012,Misc,7
5,2013,Misc,1
5,2014,Misc,0
5,2016,Misc,2
5,2017,Misc,4
5,2018,Misc,1
50,2011,Misc,0.5
50,2012,Misc,3
50,2013,Misc,0
50,2014,Misc,0
50,2016,Misc,0.5
50,2017,Misc,0.5
50,2018,Misc,0
51,2011,Misc,0
51,2012,Misc,4
51,2013,Misc,0
51,2014,Misc,0
51,2016,Misc,0.5
51,2017,Misc,0.5
51,2018,Misc,0.5
52,2011,Misc,0.5
52,2012,Misc,4
52,2013,Misc,0
52,2014,Misc,2
52,2016,Misc,1
52,2017,Misc,0.5
52,2018,Misc,0.5
53,2011,Misc,0
53,2012,Misc,4
53,2013,Misc,0
53,2014,Misc,0
53,2016,Misc,0
53,2017,Misc,0.5
53,2018,Misc,1
55,2011,Misc,0.5
55,2012,Misc,11
55,2013,Misc,0
55,2014,Misc,0
55,2016,Misc,0.5
55,2017,Misc,0
55,2018,Misc,1
56,2011,Misc,0
56,2012,Misc,1
56,2013,Misc,0
56,2014,Misc,0
56,2016,Misc,0.5
56,2017,Misc,0.5
56,2018,Misc,0.5
57,2011,Misc,0.5
57,2012,Misc,1
57,2013,Misc,0
57,2014,Misc,0
57,2016,Misc,0.5
57,2017,Misc,0.5
57,2018,Misc,1
58A,2011,Misc,0.5
58A,2012,Misc,2
58A,2013,Misc,0
58A,2014,Misc,1
58A,2016,Misc,1
58A,2017,Misc,0.5
58A,2018,Misc,1
58B,2011,Misc,0.5
58B,2012,Misc,11
58B,2013,Misc,0
58B,2014,Misc,0
58B,2016,Misc,NA
58B,2017,Misc,0.5
58B,2018,Misc,0
59,2011,Misc,3.5
59,2012,Misc,7
59,2013,Misc,5
59,2014,Misc,5
59,2016,Misc,17
59,2017,Misc,7
59,2018,Misc,7
60,2012,Misc,5
60,2013,Misc,10
60,2014,Misc,5
60,2016,Misc,3
60,2017,Misc,7
60,2018,Misc,2
61,2011,Misc,0.5
61,2012,Misc,1
61,2013,Misc,1
61,2014,Misc,1
61,2016,Misc,0.5
61,2017,Misc,1
61,2018,Misc,1
62,2011,Misc,0
62,2012,Misc,1
62,2013,Misc,0
62,2014,Misc,1
62,2016,Misc,0.5
62,2017,Misc,1
62,2018,Misc,0.5
63,2011,Misc,0
63,2012,Misc,0
63,2013,Misc,0
63,2014,Misc,0
63,2016,Misc,0.5
63,2017,Misc,0
63,2018,Misc,0
64,2011,Misc,0
64,2012,Misc,1
64,2013,Misc,0
64,2014,Misc,0
64,2016,Misc,0
64,2017,Misc,0
64,2018,Misc,1
65,2011,Misc,0.5
65,2012,Misc,10
65,2013,Misc,5
65,2014,Misc,5
65,2016,Misc,4
65,2017,Misc,3
65,2018,Misc,4
66,2011,Misc,0
66,2012,Misc,1
66,2013,Misc,0
66,2014,Misc,1
66,2016,Misc,1
66,2017,Misc,6
66,2018,Misc,1
67,2011,Misc,0
67,2012,Misc,1
67,2013,Misc,0
67,2014,Misc,0
67,2016,Misc,0
67,2017,Misc,0
67,2018,Misc,1
68,2011,Misc,0
68,2012,Misc,1
68,2013,Misc,0
68,2014,Misc,1
68,2016,Misc,2
68,2017,Misc,1
68,2018,Misc,2
6A,2011,Misc,0.5
6A,2012,Misc,14
6A,2013,Misc,0
6A,2014,Misc,1
6A,2016,Misc,1
6A,2017,Misc,5
6A,2018,Misc,1
6B,2011,Misc,0.5
6B,2012,Misc,4
6B,2013,Misc,0
6B,2014,Misc,0
6B,2016,Misc,0.5
6B,2017,Misc,1
6B,2018,Misc,1
7,2011,Misc,0.5
7,2012,Misc,1
7,2013,Misc,0
7,2014,Misc,0
7,2016,Misc,0.5
7,2017,Misc,2
7,2018,Misc,1
8,2011,Misc,0.5
8,2012,Misc,3
8,2013,Misc,2
8,2014,Misc,0
8,2016,Misc,5
8,2017,Misc,5
8,2018,Misc,1
9,2011,Misc,0.5
9,2012,Misc,3
9,2013,Misc,0
9,2014,Misc,1
9,2016,Misc,0.5
9,2017,Misc,3
9,2018,Misc,0.5
1,2011,NativeGr,0
1,2012,NativeGr,0
1,2013,NativeGr,3
1,2014,NativeGr,34
1,2016,NativeGr,NA
1,2017,NativeGr,15
1,2018,NativeGr,20
10,2011,NativeGr,0
10,2012,NativeGr,1
10,2013,NativeGr,3
10,2014,NativeGr,5
10,2016,NativeGr,0
10,2017,NativeGr,2
10,2018,NativeGr,2
11,2011,NativeGr,0
11,2012,NativeGr,1
11,2013,NativeGr,1
11,2014,NativeGr,1
11,2016,NativeGr,2
11,2017,NativeGr,2
11,2018,NativeGr,4
12A,2011,NativeGr,0
12A,2012,NativeGr,1
12A,2013,NativeGr,3
12A,2014,NativeGr,1
12A,2016,NativeGr,1
12A,2017,NativeGr,3
12A,2018,NativeGr,18
12B,2011,NativeGr,0.5
12B,2012,NativeGr,1
12B,2013,NativeGr,3
12B,2014,NativeGr,1
12B,2016,NativeGr,0
12B,2017,NativeGr,5
12B,2018,NativeGr,7
14,2011,NativeGr,0
14,2012,NativeGr,1
14,2013,NativeGr,20
14,2014,NativeGr,10
14,2016,NativeGr,2
14,2017,NativeGr,2
14,2018,NativeGr,5
15,2011,NativeGr,0
15,2012,NativeGr,0
15,2013,NativeGr,3
15,2014,NativeGr,0
15,2016,NativeGr,1
15,2017,NativeGr,1
15,2018,NativeGr,1
16A,2011,NativeGr,0
16A,2012,NativeGr,1
16A,2013,NativeGr,2
16A,2014,NativeGr,1
16A,2016,NativeGr,1
16A,2017,NativeGr,5
16A,2018,NativeGr,11
16B,2011,NativeGr,0
16B,2012,NativeGr,0
16B,2013,NativeGr,1
16B,2014,NativeGr,3
16B,2016,NativeGr,2
16B,2017,NativeGr,1
16B,2018,NativeGr,4
17,2011,NativeGr,0
17,2012,NativeGr,1
17,2013,NativeGr,3
17,2014,NativeGr,7
17,2016,NativeGr,0
17,2017,NativeGr,1
17,2018,NativeGr,2
18,2011,NativeGr,0
18,2012,NativeGr,1
18,2013,NativeGr,1
18,2014,NativeGr,2
18,2016,NativeGr,0
18,2017,NativeGr,2
18,2018,NativeGr,3
19,2011,NativeGr,0
19,2012,NativeGr,0
19,2013,NativeGr,1
19,2014,NativeGr,4
19,2016,NativeGr,1
19,2017,NativeGr,1
19,2018,NativeGr,4
20,2011,NativeGr,0
20,2012,NativeGr,0
20,2013,NativeGr,NA
20,2014,NativeGr,1
20,2016,NativeGr,0
20,2017,NativeGr,0
20,2018,NativeGr,1
21,2011,NativeGr,0
21,2012,NativeGr,0
21,2013,NativeGr,NA
21,2014,NativeGr,2
21,2016,NativeGr,0
21,2017,NativeGr,0
21,2018,NativeGr,0
22,2011,NativeGr,0
22,2012,NativeGr,0
22,2013,NativeGr,1
22,2014,NativeGr,4
22,2016,NativeGr,NA
22,2017,NativeGr,0
22,2018,NativeGr,1
23,2011,NativeGr,0
23,2012,NativeGr,0
23,2013,NativeGr,1
23,2014,NativeGr,3
23,2016,NativeGr,0
23,2017,NativeGr,0
23,2018,NativeGr,0
24,2011,NativeGr,0
24,2012,NativeGr,NA
24,2013,NativeGr,1
24,2014,NativeGr,1
24,2016,NativeGr,0
24,2017,NativeGr,0
24,2018,NativeGr,0
25,2011,NativeGr,0
25,2012,NativeGr,1
25,2013,NativeGr,1
25,2014,NativeGr,8
25,2016,NativeGr,0
25,2017,NativeGr,2
25,2018,NativeGr,7
26,2011,NativeGr,0
26,2012,NativeGr,4
26,2013,NativeGr,20
26,2014,NativeGr,3
26,2016,NativeGr,1
26,2017,NativeGr,1
26,2018,NativeGr,3
27,2011,NativeGr,0.5
27,2012,NativeGr,1
27,2013,NativeGr,3
27,2014,NativeGr,3
27,2016,NativeGr,0
27,2017,NativeGr,0
27,2018,NativeGr,3
28,2011,NativeGr,0
28,2012,NativeGr,4
28,2013,NativeGr,20
28,2014,NativeGr,6
28,2016,NativeGr,5
28,2017,NativeGr,7
28,2018,NativeGr,17
29,2011,NativeGr,0
29,2012,NativeGr,0
29,2013,NativeGr,1
29,2014,NativeGr,2
29,2016,NativeGr,0
29,2017,NativeGr,2
29,2018,NativeGr,3
2A,2011,NativeGr,0
2A,2012,NativeGr,0
2A,2013,NativeGr,20
2A,2014,NativeGr,1
2A,2016,NativeGr,2
2A,2017,NativeGr,19
2A,2018,NativeGr,16
2B,2011,NativeGr,0
2B,2012,NativeGr,1
2B,2013,NativeGr,1
2B,2014,NativeGr,0
2B,2016,NativeGr,NA
2B,2017,NativeGr,0
2B,2018,NativeGr,0
3,2011,NativeGr,0
3,2012,NativeGr,0
3,2013,NativeGr,3
3,2014,NativeGr,6
3,2016,NativeGr,6
3,2017,NativeGr,12
3,2018,NativeGr,9
30A,2011,NativeGr,0
30A,2012,NativeGr,1
30A,2013,NativeGr,20
30A,2014,NativeGr,1
30A,2016,NativeGr,0
30A,2017,NativeGr,1
30A,2018,NativeGr,8
30B,2011,NativeGr,0
30B,2012,NativeGr,1
30B,2013,NativeGr,1
30B,2014,NativeGr,3
30B,2016,NativeGr,0
30B,2017,NativeGr,0
30B,2018,NativeGr,2
31,2011,NativeGr,0
31,2012,NativeGr,4
31,2013,NativeGr,1
31,2014,NativeGr,6
31,2016,NativeGr,1
31,2017,NativeGr,2
31,2018,NativeGr,1
32,2011,NativeGr,0
32,2012,NativeGr,1
32,2013,NativeGr,3
32,2014,NativeGr,6
32,2016,NativeGr,1
32,2017,NativeGr,2
32,2018,NativeGr,4
33,2011,NativeGr,0.5
33,2012,NativeGr,3
33,2013,NativeGr,1
33,2014,NativeGr,10
33,2016,NativeGr,0
33,2017,NativeGr,4
33,2018,NativeGr,4
34,2011,NativeGr,0
34,2012,NativeGr,3
34,2013,NativeGr,3
34,2014,NativeGr,35
34,2016,NativeGr,1
34,2017,NativeGr,3
34,2018,NativeGr,18
35,2011,NativeGr,0
35,2012,NativeGr,3
35,2013,NativeGr,1
35,2014,NativeGr,9
35,2016,NativeGr,0
35,2017,NativeGr,2
35,2018,NativeGr,3
36,2011,NativeGr,0
36,2012,NativeGr,3
36,2013,NativeGr,1
36,2014,NativeGr,9
36,2016,NativeGr,0
36,2017,NativeGr,3
36,2018,NativeGr,4
37A,2011,NativeGr,10
37A,2012,NativeGr,3
37A,2013,NativeGr,1
37A,2014,NativeGr,7
37A,2016,NativeGr,0
37A,2017,NativeGr,2
37A,2018,NativeGr,3
37B,2011,NativeGr,10
37B,2012,NativeGr,1
37B,2013,NativeGr,0
37B,2014,NativeGr,0
37B,2016,NativeGr,0
37B,2017,NativeGr,2
37B,2018,NativeGr,2
38A,2011,NativeGr,0
38A,2012,NativeGr,0
38A,2013,NativeGr,1
38A,2014,NativeGr,2
38A,2016,NativeGr,0
38A,2017,NativeGr,0
38A,2018,NativeGr,0
38B,2011,NativeGr,0
38B,2012,NativeGr,0
38B,2013,NativeGr,0
38B,2014,NativeGr,2
38B,2016,NativeGr,NA
38B,2017,NativeGr,0
38B,2018,NativeGr,0
39A,2011,NativeGr,1
39A,2012,NativeGr,0
39A,2013,NativeGr,1
39A,2014,NativeGr,2
39A,2016,NativeGr,0
39A,2017,NativeGr,0
39A,2018,NativeGr,0
39B,2012,NativeGr,1
39B,2013,NativeGr,3
39B,2014,NativeGr,1
39B,2016,NativeGr,0
39B,2017,NativeGr,0
39B,2018,NativeGr,1
4,2011,NativeGr,0
4,2012,NativeGr,0
4,2013,NativeGr,3
4,2014,NativeGr,2
4,2016,NativeGr,6
4,2017,NativeGr,24
4,2018,NativeGr,42
40,2011,NativeGr,0
40,2012,NativeGr,0
40,2013,NativeGr,1
40,2014,NativeGr,1
40,2016,NativeGr,0
40,2017,NativeGr,0
40,2018,NativeGr,0
41,2011,NativeGr,0
41,2012,NativeGr,0
41,2013,NativeGr,0
41,2014,NativeGr,0
41,2016,NativeGr,0
41,2017,NativeGr,0
41,2018,NativeGr,0
42,2011,NativeGr,0
42,2012,NativeGr,0
42,2013,NativeGr,0
42,2014,NativeGr,2
42,2016,NativeGr,0
42,2017,NativeGr,1
42,2018,NativeGr,0
43,2011,NativeGr,0
43,2012,NativeGr,0
43,2013,NativeGr,1
43,2014,NativeGr,0
43,2016,NativeGr,0
43,2017,NativeGr,0
43,2018,NativeGr,0
44,2011,NativeGr,0
44,2012,NativeGr,0
44,2013,NativeGr,1
44,2014,NativeGr,1
44,2016,NativeGr,0
44,2017,NativeGr,1
44,2018,NativeGr,0
45,2011,NativeGr,0
45,2012,NativeGr,0
45,2013,NativeGr,0
45,2014,NativeGr,1
45,2016,NativeGr,0
45,2017,NativeGr,0
45,2018,NativeGr,38
46,2011,NativeGr,0
46,2012,NativeGr,0
46,2013,NativeGr,0
46,2014,NativeGr,0
46,2016,NativeGr,0
46,2017,NativeGr,0
46,2018,NativeGr,0
47,2011,NativeGr,0
47,2012,NativeGr,1
47,2013,NativeGr,0
47,2014,NativeGr,1
47,2016,NativeGr,0
47,2017,NativeGr,0
47,2018,NativeGr,0
48,2011,NativeGr,0
48,2012,NativeGr,0
48,2013,NativeGr,0
48,2014,NativeGr,0
48,2016,NativeGr,0
48,2017,NativeGr,0
48,2018,NativeGr,0
49,2011,NativeGr,0
49,2012,NativeGr,3
49,2013,NativeGr,1
49,2014,NativeGr,1
49,2016,NativeGr,0
49,2017,NativeGr,0
49,2018,NativeGr,0
5,2011,NativeGr,0
5,2012,NativeGr,10
5,2013,NativeGr,1
5,2014,NativeGr,37
5,2016,NativeGr,3
5,2017,NativeGr,14
5,2018,NativeGr,20
50,2011,NativeGr,0
50,2012,NativeGr,0
50,2013,NativeGr,0
50,2014,NativeGr,0
50,2016,NativeGr,1
50,2017,NativeGr,0
50,2018,NativeGr,0
51,2011,NativeGr,0
51,2012,NativeGr,1
51,2013,NativeGr,0
51,2014,NativeGr,0
51,2016,NativeGr,0
51,2017,NativeGr,0
51,2018,NativeGr,0
52,2011,NativeGr,0
52,2012,NativeGr,0
52,2013,NativeGr,1
52,2014,NativeGr,1
52,2016,NativeGr,0
52,2017,NativeGr,0
52,2018,NativeGr,1
53,2011,NativeGr,0
53,2012,NativeGr,0
53,2013,NativeGr,1
53,2014,NativeGr,1
53,2016,NativeGr,0
53,2017,NativeGr,0
53,2018,NativeGr,0
55,2011,NativeGr,0
55,2012,NativeGr,0
55,2013,NativeGr,1
55,2014,NativeGr,1
55,2016,NativeGr,0
55,2017,NativeGr,0
55,2018,NativeGr,0
56,2011,NativeGr,0
56,2012,NativeGr,0
56,2013,NativeGr,1
56,2014,NativeGr,1
56,2016,NativeGr,0
56,2017,NativeGr,0
56,2018,NativeGr,1
57,2011,NativeGr,0
57,2012,NativeGr,0
57,2013,NativeGr,1
57,2014,NativeGr,3
57,2016,NativeGr,0
57,2017,NativeGr,1
57,2018,NativeGr,2
58A,2011,NativeGr,0
58A,2012,NativeGr,0
58A,2013,NativeGr,3
58A,2014,NativeGr,2
58A,2016,NativeGr,0
58A,2017,NativeGr,0
58A,2018,NativeGr,1
58B,2011,NativeGr,0
58B,2012,NativeGr,0
58B,2013,NativeGr,1
58B,2014,NativeGr,0
58B,2016,NativeGr,NA
58B,2017,NativeGr,0
58B,2018,NativeGr,0
59,2011,NativeGr,0
59,2012,NativeGr,0
59,2013,NativeGr,1
59,2014,NativeGr,2
59,2016,NativeGr,0
59,2017,NativeGr,1
59,2018,NativeGr,3
60,2012,NativeGr,0
60,2013,NativeGr,1
60,2014,NativeGr,2
60,2016,NativeGr,0
60,2017,NativeGr,4
60,2018,NativeGr,4
61,2011,NativeGr,0
61,2012,NativeGr,0
61,2013,NativeGr,0
61,2014,NativeGr,1
61,2016,NativeGr,0
61,2017,NativeGr,0
61,2018,NativeGr,0
62,2011,NativeGr,0
62,2012,NativeGr,0
62,2013,NativeGr,1
62,2014,NativeGr,0
62,2016,NativeGr,0
62,2017,NativeGr,0
62,2018,NativeGr,1
63,2011,NativeGr,0
63,2012,NativeGr,0
63,2013,NativeGr,1
63,2014,NativeGr,0
63,2016,NativeGr,0
63,2017,NativeGr,0
63,2018,NativeGr,1
64,2011,NativeGr,0
64,2012,NativeGr,0
64,2013,NativeGr,1
64,2014,NativeGr,0
64,2016,NativeGr,0
64,2017,NativeGr,0
64,2018,NativeGr,1
65,2011,NativeGr,0
65,2012,NativeGr,0
65,2013,NativeGr,0
65,2014,NativeGr,1
65,2016,NativeGr,0
65,2017,NativeGr,0
65,2018,NativeGr,0
66,2011,NativeGr,0
66,2012,NativeGr,0
66,2013,NativeGr,0
66,2014,NativeGr,1
66,2016,NativeGr,0
66,2017,NativeGr,0
66,2018,NativeGr,1
67,2011,NativeGr,0
67,2012,NativeGr,0
67,2013,NativeGr,1
67,2014,NativeGr,0
67,2016,NativeGr,0
67,2017,NativeGr,0
67,2018,NativeGr,1
68,2011,NativeGr,0
68,2012,NativeGr,0
68,2013,NativeGr,0
68,2014,NativeGr,1
68,2016,NativeGr,0
68,2017,NativeGr,0
68,2018,NativeGr,1
6A,2011,NativeGr,0
6A,2012,NativeGr,3
6A,2013,NativeGr,20
6A,2014,NativeGr,28
6A,2016,NativeGr,12
6A,2017,NativeGr,28
6A,2018,NativeGr,50
6B,2011,NativeGr,0
6B,2012,NativeGr,7
6B,2013,NativeGr,20
6B,2014,NativeGr,52
6B,2016,NativeGr,11
6B,2017,NativeGr,20
6B,2018,NativeGr,40
7,2011,NativeGr,0
7,2012,NativeGr,4
7,2013,NativeGr,20
7,2014,NativeGr,11
7,2016,NativeGr,5
7,2017,NativeGr,16
7,2018,NativeGr,28
8,2011,NativeGr,0
8,2012,NativeGr,1
8,2013,NativeGr,3
8,2014,NativeGr,3
8,2016,NativeGr,1
8,2017,NativeGr,4
8,2018,NativeGr,43
9,2011,NativeGr,0
9,2012,NativeGr,4
9,2013,NativeGr,20
9,2014,NativeGr,4
9,2016,NativeGr,1
9,2017,NativeGr,15
9,2018,NativeGr,13
1,2011,PereGr,16
1,2012,PereGr,3
1,2013,PereGr,25
1,2014,PereGr,60
1,2016,PereGr,NA
1,2017,PereGr,22
1,2018,PereGr,46
10,2011,PereGr,5
10,2012,PereGr,3
10,2013,PereGr,25
10,2014,PereGr,20
10,2016,PereGr,8
10,2017,PereGr,13
10,2018,PereGr,37
11,2011,PereGr,17
11,2012,PereGr,1
11,2013,PereGr,10
11,2014,PereGr,5
11,2016,PereGr,14
11,2017,PereGr,15
11,2018,PereGr,30
12A,2011,PereGr,8
12A,2012,PereGr,2
12A,2013,PereGr,5
12A,2014,PereGr,4
12A,2016,PereGr,6
12A,2017,PereGr,12
12A,2018,PereGr,36
12B,2011,PereGr,19
12B,2012,PereGr,19
12B,2013,PereGr,35
12B,2014,PereGr,16
12B,2016,PereGr,25
12B,2017,PereGr,27
12B,2018,PereGr,32
14,2011,PereGr,5
14,2012,PereGr,3
14,2013,PereGr,7
14,2014,PereGr,12
14,2016,PereGr,6
14,2017,PereGr,3
14,2018,PereGr,13
15,2011,PereGr,12
15,2012,PereGr,22
15,2013,PereGr,5
15,2014,PereGr,24
15,2016,PereGr,2
15,2017,PereGr,23
15,2018,PereGr,35
16A,2011,PereGr,2
16A,2012,PereGr,1
16A,2013,PereGr,3
16A,2014,PereGr,1
16A,2016,PereGr,8
16A,2017,PereGr,10
16A,2018,PereGr,36
16B,2011,PereGr,2
16B,2012,PereGr,1
16B,2013,PereGr,5
16B,2014,PereGr,4
16B,2016,PereGr,9
16B,2017,PereGr,6
16B,2018,PereGr,14
17,2011,PereGr,1
17,2012,PereGr,1
17,2013,PereGr,13
17,2014,PereGr,8
17,2016,PereGr,3
17,2017,PereGr,1
17,2018,PereGr,10
18,2011,PereGr,8
18,2012,PereGr,1
18,2013,PereGr,18
18,2014,PereGr,5
18,2016,PereGr,2
18,2017,PereGr,3
18,2018,PereGr,16
19,2011,PereGr,0
19,2012,PereGr,0
19,2013,PereGr,NA
19,2014,PereGr,5
19,2016,PereGr,3
19,2017,PereGr,2
19,2018,PereGr,11
20,2011,PereGr,3
20,2012,PereGr,2
20,2013,PereGr,5
20,2014,PereGr,3
20,2016,PereGr,7
20,2017,PereGr,10
20,2018,PereGr,15
21,2011,PereGr,2
21,2012,PereGr,6
21,2013,PereGr,10
21,2014,PereGr,10
21,2016,PereGr,5
21,2017,PereGr,13
21,2018,PereGr,18
22,2011,PereGr,2
22,2012,PereGr,8
22,2013,PereGr,5
22,2014,PereGr,10
22,2016,PereGr,NA
22,2017,PereGr,6
22,2018,PereGr,15
23,2011,PereGr,3
23,2012,PereGr,10
23,2013,PereGr,5
23,2014,PereGr,13
23,2016,PereGr,2
23,2017,PereGr,4
23,2018,PereGr,8
24,2011,PereGr,0
24,2012,PereGr,NA
24,2013,PereGr,0
24,2014,PereGr,3
24,2016,PereGr,3
24,2017,PereGr,1
24,2018,PereGr,8
25,2011,PereGr,9
25,2012,PereGr,5
25,2013,PereGr,15
25,2014,PereGr,19
25,2016,PereGr,2
25,2017,PereGr,6
25,2018,PereGr,18
26,2011,PereGr,11
26,2012,PereGr,12
26,2013,PereGr,20
26,2014,PereGr,4
26,2016,PereGr,12
26,2017,PereGr,3
26,2018,PereGr,5
27,2011,PereGr,16
27,2012,PereGr,14
27,2013,PereGr,15
27,2014,PereGr,16
27,2016,PereGr,6
27,2017,PereGr,3
27,2018,PereGr,16
28,2011,PereGr,21
28,2012,PereGr,6
28,2013,PereGr,25
28,2014,PereGr,8
28,2016,PereGr,20
28,2017,PereGr,11
28,2018,PereGr,27
29,2011,PereGr,9
29,2012,PereGr,3
29,2013,PereGr,10
29,2014,PereGr,3
29,2016,PereGr,3
29,2017,PereGr,9
29,2018,PereGr,6
2A,2011,PereGr,16
2A,2012,PereGr,1
2A,2013,PereGr,15
2A,2014,PereGr,16
2A,2016,PereGr,15
2A,2017,PereGr,26
2A,2018,PereGr,32
2B,2011,PereGr,14
2B,2012,PereGr,17
2B,2013,PereGr,40
2B,2014,PereGr,86
2B,2016,PereGr,NA
2B,2017,PereGr,37
2B,2018,PereGr,84
3,2011,PereGr,9
3,2012,PereGr,2
3,2013,PereGr,15
3,2014,PereGr,22
3,2016,PereGr,14
3,2017,PereGr,21
3,2018,PereGr,24
30A,2011,PereGr,28
30A,2012,PereGr,1
30A,2013,PereGr,15
30A,2014,PereGr,2
30A,2016,PereGr,2
30A,2017,PereGr,3
30A,2018,PereGr,11
30B,2011,PereGr,28
30B,2012,PereGr,19
30B,2013,PereGr,10
30B,2014,PereGr,8
30B,2016,PereGr,2
30B,2017,PereGr,1
30B,2018,PereGr,13
31,2011,PereGr,28
31,2012,PereGr,13
31,2013,PereGr,20
31,2014,PereGr,7
31,2016,PereGr,6
31,2017,PereGr,4
31,2018,PereGr,22
32,2011,PereGr,10
32,2012,PereGr,3
32,2013,PereGr,10
32,2014,PereGr,8
32,2016,PereGr,2
32,2017,PereGr,6
32,2018,PereGr,12
33,2011,PereGr,24
33,2012,PereGr,11
33,2013,PereGr,10
33,2014,PereGr,14
33,2016,PereGr,5
33,2017,PereGr,5
33,2018,PereGr,21
34,2011,PereGr,28
34,2012,PereGr,7
34,2013,PereGr,17
34,2014,PereGr,38
34,2016,PereGr,7
34,2017,PereGr,7
34,2018,PereGr,22
35,2011,PereGr,13
35,2012,PereGr,5
35,2013,PereGr,2
35,2014,PereGr,12
35,2016,PereGr,10
35,2017,PereGr,4
35,2018,PereGr,16
36,2011,PereGr,2
36,2012,PereGr,6
36,2013,PereGr,10
36,2014,PereGr,10
36,2016,PereGr,6
36,2017,PereGr,7
36,2018,PereGr,11
37A,2011,PereGr,15
37A,2012,PereGr,6
37A,2013,PereGr,5
37A,2014,PereGr,16
37A,2016,PereGr,6
37A,2017,PereGr,8
37A,2018,PereGr,17
37B,2011,PereGr,15
37B,2012,PereGr,14
37B,2013,PereGr,20
37B,2014,PereGr,46
37B,2016,PereGr,39
37B,2017,PereGr,65
37B,2018,PereGr,59
38A,2011,PereGr,5
38A,2012,PereGr,12
38A,2013,PereGr,15
38A,2014,PereGr,5
38A,2016,PereGr,3
38A,2017,PereGr,3
38A,2018,PereGr,8
38B,2011,PereGr,5
38B,2012,PereGr,0
38B,2013,PereGr,10
38B,2014,PereGr,5
38B,2016,PereGr,NA
38B,2017,PereGr,0
38B,2018,PereGr,1
39A,2011,PereGr,18
39A,2012,PereGr,3
39A,2013,PereGr,9
39A,2014,PereGr,6
39A,2016,PereGr,3
39A,2017,PereGr,1
39A,2018,PereGr,8
39B,2012,PereGr,9
39B,2013,PereGr,15
39B,2014,PereGr,13
39B,2016,PereGr,10
39B,2017,PereGr,3
39B,2018,PereGr,41
4,2011,PereGr,27
4,2012,PereGr,8
4,2013,PereGr,50
4,2014,PereGr,23
4,2016,PereGr,24
4,2017,PereGr,37
4,2018,PereGr,58
40,2011,PereGr,7
40,2012,PereGr,3
40,2013,PereGr,3
40,2014,PereGr,2
40,2016,PereGr,1
40,2017,PereGr,9
40,2018,PereGr,0
41,2011,PereGr,0
41,2012,PereGr,1
41,2013,PereGr,2
41,2014,PereGr,1
41,2016,PereGr,2
41,2017,PereGr,4
41,2018,PereGr,5
42,2011,PereGr,61
42,2012,PereGr,8
42,2013,PereGr,5
42,2014,PereGr,12
42,2016,PereGr,2
42,2017,PereGr,6
42,2018,PereGr,0
43,2011,PereGr,9
43,2012,PereGr,19
43,2013,PereGr,8
43,2014,PereGr,7
43,2016,PereGr,6
43,2017,PereGr,10
43,2018,PereGr,10
44,2011,PereGr,61
44,2012,PereGr,18
44,2013,PereGr,13
44,2014,PereGr,24
44,2016,PereGr,14
44,2017,PereGr,17
44,2018,PereGr,18
45,2011,PereGr,1
45,2012,PereGr,2
45,2013,PereGr,0
45,2014,PereGr,2
45,2016,PereGr,2
45,2017,PereGr,1
45,2018,PereGr,3
46,2011,PereGr,28
46,2012,PereGr,9
46,2013,PereGr,0
46,2014,PereGr,2
46,2016,PereGr,2
46,2017,PereGr,4
46,2018,PereGr,3
47,2011,PereGr,11
47,2012,PereGr,8
47,2013,PereGr,0
47,2014,PereGr,9
47,2016,PereGr,3
47,2017,PereGr,1
47,2018,PereGr,3
48,2011,PereGr,29
48,2012,PereGr,8
48,2013,PereGr,0
48,2014,PereGr,9
48,2016,PereGr,3
48,2017,PereGr,2
48,2018,PereGr,2
49,2011,PereGr,9
49,2012,PereGr,14
49,2013,PereGr,10
49,2014,PereGr,6
49,2016,PereGr,6
49,2017,PereGr,2
49,2018,PereGr,6
5,2011,PereGr,27
5,2012,PereGr,10
5,2013,PereGr,30
5,2014,PereGr,44
5,2016,PereGr,20
5,2017,PereGr,20
5,2018,PereGr,54
50,2011,PereGr,11
50,2012,PereGr,11
50,2013,PereGr,7
50,2014,PereGr,7
50,2016,PereGr,5
50,2017,PereGr,2
50,2018,PereGr,12
51,2011,PereGr,12
51,2012,PereGr,3
51,2013,PereGr,0
51,2014,PereGr,5
51,2016,PereGr,4
51,2017,PereGr,3
51,2018,PereGr,3
52,2011,PereGr,0
52,2012,PereGr,1
52,2013,PereGr,7
52,2014,PereGr,2
52,2016,PereGr,1
52,2017,PereGr,2
52,2018,PereGr,6
53,2011,PereGr,2
53,2012,PereGr,0
53,2013,PereGr,5
53,2014,PereGr,2
53,2016,PereGr,1
53,2017,PereGr,0
53,2018,PereGr,2
55,2011,PereGr,0
55,2012,PereGr,3
55,2013,PereGr,2
55,2014,PereGr,2
55,2016,PereGr,2
55,2017,PereGr,4
55,2018,PereGr,4
56,2011,PereGr,1
56,2012,PereGr,1
56,2013,PereGr,5
56,2014,PereGr,1
56,2016,PereGr,1
56,2017,PereGr,2
56,2018,PereGr,6
57,2011,PereGr,0
57,2012,PereGr,0
57,2013,PereGr,5
57,2014,PereGr,9
57,2016,PereGr,15
57,2017,PereGr,4
57,2018,PereGr,12
58A,2011,PereGr,0
58A,2012,PereGr,9
58A,2013,PereGr,5
58A,2014,PereGr,6
58A,2016,PereGr,7
58A,2017,PereGr,3
58A,2018,PereGr,17
58B,2011,PereGr,0
58B,2012,PereGr,1
58B,2013,PereGr,5
58B,2014,PereGr,1
58B,2016,PereGr,NA
58B,2017,PereGr,6
58B,2018,PereGr,6
59,2011,PereGr,12
59,2012,PereGr,6
59,2013,PereGr,30
59,2014,PereGr,24
59,2016,PereGr,5
59,2017,PereGr,33
59,2018,PereGr,62
60,2012,PereGr,9
60,2013,PereGr,38
60,2014,PereGr,32
60,2016,PereGr,26
60,2017,PereGr,40
60,2018,PereGr,68
61,2011,PereGr,9
61,2012,PereGr,1
61,2013,PereGr,6
61,2014,PereGr,3
61,2016,PereGr,0
61,2017,PereGr,2
61,2018,PereGr,14
62,2011,PereGr,21
62,2012,PereGr,2
62,2013,PereGr,15
62,2014,PereGr,16
62,2016,PereGr,0
62,2017,PereGr,4
62,2018,PereGr,27
63,2011,PereGr,7
63,2012,PereGr,6
63,2013,PereGr,5
63,2014,PereGr,2
63,2016,PereGr,2
63,2017,PereGr,1
63,2018,PereGr,15
64,2011,PereGr,11
64,2012,PereGr,1
64,2013,PereGr,5
64,2014,PereGr,1
64,2016,PereGr,2
64,2017,PereGr,2
64,2018,PereGr,13
65,2011,PereGr,9
65,2012,PereGr,1
65,2013,PereGr,9
65,2014,PereGr,8
65,2016,PereGr,4
65,2017,PereGr,1
65,2018,PereGr,14
66,2011,PereGr,7
66,2012,PereGr,2
66,2013,PereGr,5
66,2014,PereGr,15
66,2016,PereGr,1
66,2017,PereGr,5
66,2018,PereGr,5
67,2011,PereGr,9
67,2012,PereGr,16
67,2013,PereGr,10
67,2014,PereGr,3
67,2016,PereGr,0
67,2017,PereGr,2
67,2018,PereGr,7
68,2011,PereGr,9
68,2012,PereGr,11
68,2013,PereGr,5
68,2014,PereGr,3
68,2016,PereGr,5
68,2017,PereGr,9
68,2018,PereGr,13
6A,2011,PereGr,22
6A,2012,PereGr,3
6A,2013,PereGr,50
6A,2014,PereGr,63
6A,2016,PereGr,38
6A,2017,PereGr,35
6A,2018,PereGr,56
6B,2011,PereGr,3
6B,2012,PereGr,9
6B,2013,PereGr,55
6B,2014,PereGr,68
6B,2016,PereGr,36
6B,2017,PereGr,22
6B,2018,PereGr,54
7,2011,PereGr,16
7,2012,PereGr,11
7,2013,PereGr,30
7,2014,PereGr,45
7,2016,PereGr,29
7,2017,PereGr,26
7,2018,PereGr,48
8,2011,PereGr,16
8,2012,PereGr,7
8,2013,PereGr,30
8,2014,PereGr,26
8,2016,PereGr,9
8,2017,PereGr,9
8,2018,PereGr,58
9,2011,PereGr,22
9,2012,PereGr,7
9,2013,PereGr,25
9,2014,PereGr,14
9,2016,PereGr,14
9,2017,PereGr,25
9,2018,PereGr,26
1,2011,Shrubs,2
1,2012,Shrubs,14
1,2013,Shrubs,15
1,2014,Shrubs,6
1,2016,Shrubs,NA
1,2017,Shrubs,20
1,2018,Shrubs,15
10,2011,Shrubs,14
10,2012,Shrubs,26
10,2013,Shrubs,38
10,2014,Shrubs,35
10,2016,Shrubs,45
10,2017,Shrubs,37
10,2018,Shrubs,30
11,2011,Shrubs,11
11,2012,Shrubs,26
11,2013,Shrubs,45
11,2014,Shrubs,50
11,2016,Shrubs,25
11,2017,Shrubs,30
11,2018,Shrubs,21
12A,2011,Shrubs,4
12A,2012,Shrubs,55
12A,2013,Shrubs,42
12A,2014,Shrubs,45
12A,2016,Shrubs,45
12A,2017,Shrubs,27
12A,2018,Shrubs,19
12B,2011,Shrubs,11
12B,2012,Shrubs,30
12B,2013,Shrubs,33
12B,2014,Shrubs,40
12B,2016,Shrubs,46
12B,2017,Shrubs,40
12B,2018,Shrubs,29
14,2011,Shrubs,29
14,2012,Shrubs,29
14,2013,Shrubs,45
14,2014,Shrubs,30
14,2016,Shrubs,40
14,2017,Shrubs,24
14,2018,Shrubs,25
15,2011,Shrubs,29
15,2012,Shrubs,24
15,2013,Shrubs,23
15,2014,Shrubs,25
15,2016,Shrubs,35
15,2017,Shrubs,35
15,2018,Shrubs,30
16A,2011,Shrubs,0
16A,2012,Shrubs,55
16A,2013,Shrubs,65
16A,2014,Shrubs,52
16A,2016,Shrubs,60
16A,2017,Shrubs,30
16A,2018,Shrubs,26
16B,2011,Shrubs,0
16B,2012,Shrubs,4
16B,2013,Shrubs,5
16B,2014,Shrubs,15
16B,2016,Shrubs,23
16B,2017,Shrubs,30
16B,2018,Shrubs,18
17,2011,Shrubs,23
17,2012,Shrubs,27
17,2013,Shrubs,52
17,2014,Shrubs,35
17,2016,Shrubs,50
17,2017,Shrubs,20
17,2018,Shrubs,23
18,2011,Shrubs,4
18,2012,Shrubs,21
18,2013,Shrubs,10
18,2014,Shrubs,30
18,2016,Shrubs,30
18,2017,Shrubs,20
18,2018,Shrubs,8
19,2011,Shrubs,1
19,2012,Shrubs,4
19,2013,Shrubs,5
19,2014,Shrubs,10
19,2016,Shrubs,16
19,2017,Shrubs,19
19,2018,Shrubs,15
20,2011,Shrubs,4
20,2012,Shrubs,20
20,2013,Shrubs,20
20,2014,Shrubs,20
20,2016,Shrubs,40
20,2017,Shrubs,30
20,2018,Shrubs,32
21,2011,Shrubs,11
21,2012,Shrubs,14
21,2013,Shrubs,36
21,2014,Shrubs,20
21,2016,Shrubs,17
21,2017,Shrubs,13
21,2018,Shrubs,26
22,2011,Shrubs,1
22,2012,Shrubs,4
22,2013,Shrubs,12
22,2014,Shrubs,5
22,2016,Shrubs,10
22,2017,Shrubs,10
22,2018,Shrubs,12
23,2011,Shrubs,1
23,2012,Shrubs,4
23,2013,Shrubs,16
23,2014,Shrubs,5
23,2016,Shrubs,5
23,2017,Shrubs,9
23,2018,Shrubs,10
24,2011,Shrubs,3
24,2012,Shrubs,NA
24,2013,Shrubs,0
24,2014,Shrubs,10
24,2016,Shrubs,3
24,2017,Shrubs,8
24,2018,Shrubs,4
25,2011,Shrubs,4
25,2012,Shrubs,27
25,2013,Shrubs,13
25,2014,Shrubs,30
25,2016,Shrubs,28
25,2017,Shrubs,24
25,2018,Shrubs,12
26,2011,Shrubs,7
26,2012,Shrubs,37
26,2013,Shrubs,40
26,2014,Shrubs,35
26,2016,Shrubs,53
26,2017,Shrubs,40
26,2018,Shrubs,50
27,2011,Shrubs,1
27,2012,Shrubs,36
27,2013,Shrubs,28
27,2014,Shrubs,25
27,2016,Shrubs,40
27,2017,Shrubs,18
27,2018,Shrubs,22
28,2011,Shrubs,2
28,2012,Shrubs,28
28,2013,Shrubs,40
28,2014,Shrubs,25
28,2016,Shrubs,48
28,2017,Shrubs,19
28,2018,Shrubs,20
29,2011,Shrubs,4
29,2012,Shrubs,14
29,2013,Shrubs,20
29,2014,Shrubs,30
29,2016,Shrubs,30
29,2017,Shrubs,26
29,2018,Shrubs,29
2A,2011,Shrubs,9
2A,2012,Shrubs,36
2A,2013,Shrubs,21
2A,2014,Shrubs,35
2A,2016,Shrubs,24
2A,2017,Shrubs,33
2A,2018,Shrubs,30
2B,2011,Shrubs,4
2B,2012,Shrubs,17
2B,2013,Shrubs,1
2B,2014,Shrubs,1
2B,2016,Shrubs,NA
2B,2017,Shrubs,25
2B,2018,Shrubs,2
3,2011,Shrubs,4
3,2012,Shrubs,14
3,2013,Shrubs,12
3,2014,Shrubs,15
3,2016,Shrubs,25
3,2017,Shrubs,30
3,2018,Shrubs,12
30A,2011,Shrubs,4
30A,2012,Shrubs,24
30A,2013,Shrubs,12
30A,2014,Shrubs,40
30A,2016,Shrubs,38
30A,2017,Shrubs,30
30A,2018,Shrubs,20
30B,2011,Shrubs,4
30B,2012,Shrubs,25
30B,2013,Shrubs,15
30B,2014,Shrubs,30
30B,2016,Shrubs,28
30B,2017,Shrubs,37
30B,2018,Shrubs,30
31,2011,Shrubs,2
31,2012,Shrubs,25
31,2013,Shrubs,17
31,2014,Shrubs,40
31,2016,Shrubs,51
31,2017,Shrubs,24
31,2018,Shrubs,12
32,2011,Shrubs,4
32,2012,Shrubs,32
32,2013,Shrubs,35
32,2014,Shrubs,20
32,2016,Shrubs,40
32,2017,Shrubs,25
32,2018,Shrubs,28
33,2011,Shrubs,1
33,2012,Shrubs,32
33,2013,Shrubs,15
33,2014,Shrubs,30
33,2016,Shrubs,52
33,2017,Shrubs,35
33,2018,Shrubs,33
34,2011,Shrubs,4
34,2012,Shrubs,26
34,2013,Shrubs,10
34,2014,Shrubs,15
34,2016,Shrubs,26
34,2017,Shrubs,25
34,2018,Shrubs,28
35,2011,Shrubs,6
35,2012,Shrubs,10
35,2013,Shrubs,40
35,2014,Shrubs,30
35,2016,Shrubs,48
35,2017,Shrubs,40
35,2018,Shrubs,25
36,2011,Shrubs,4
36,2012,Shrubs,37
36,2013,Shrubs,45
36,2014,Shrubs,50
36,2016,Shrubs,30
36,2017,Shrubs,42
36,2018,Shrubs,40
37A,2011,Shrubs,16
37A,2012,Shrubs,17
37A,2013,Shrubs,20
37A,2014,Shrubs,20
37A,2016,Shrubs,35
37A,2017,Shrubs,26
37A,2018,Shrubs,27
37B,2011,Shrubs,16
37B,2012,Shrubs,1
37B,2013,Shrubs,0
37B,2014,Shrubs,0
37B,2016,Shrubs,0.5
37B,2017,Shrubs,2
37B,2018,Shrubs,0
38A,2011,Shrubs,0
38A,2012,Shrubs,2
38A,2013,Shrubs,5
38A,2014,Shrubs,10
38A,2016,Shrubs,4
38A,2017,Shrubs,3
38A,2018,Shrubs,8
38B,2011,Shrubs,0
38B,2012,Shrubs,1
38B,2013,Shrubs,0
38B,2014,Shrubs,10
38B,2016,Shrubs,NA
38B,2017,Shrubs,0
38B,2018,Shrubs,0
39A,2011,Shrubs,4
39A,2012,Shrubs,17
39A,2013,Shrubs,6
39A,2014,Shrubs,20
39A,2016,Shrubs,2
39A,2017,Shrubs,11
39A,2018,Shrubs,6
39B,2012,Shrubs,24
39B,2013,Shrubs,15
39B,2014,Shrubs,20
39B,2016,Shrubs,34
39B,2017,Shrubs,13
39B,2018,Shrubs,10
4,2011,Shrubs,3
4,2012,Shrubs,14
4,2013,Shrubs,10
4,2014,Shrubs,6
4,2016,Shrubs,13
4,2017,Shrubs,20
4,2018,Shrubs,7
40,2011,Shrubs,3
40,2012,Shrubs,15
40,2013,Shrubs,10
40,2014,Shrubs,20
40,2016,Shrubs,25
40,2017,Shrubs,12
40,2018,Shrubs,5
41,2011,Shrubs,6
41,2012,Shrubs,46
41,2013,Shrubs,40
41,2014,Shrubs,32
41,2016,Shrubs,20
41,2017,Shrubs,8
41,2018,Shrubs,16
42,2011,Shrubs,3
42,2012,Shrubs,17
42,2013,Shrubs,6
42,2014,Shrubs,10
42,2016,Shrubs,8
42,2017,Shrubs,19
42,2018,Shrubs,11
43,2011,Shrubs,4
43,2012,Shrubs,18
43,2013,Shrubs,15
43,2014,Shrubs,10
43,2016,Shrubs,25
43,2017,Shrubs,32
43,2018,Shrubs,13
44,2011,Shrubs,3
44,2012,Shrubs,7
44,2013,Shrubs,7
44,2014,Shrubs,8
44,2016,Shrubs,15
44,2017,Shrubs,20
44,2018,Shrubs,10
45,2011,Shrubs,1
45,2012,Shrubs,5
45,2013,Shrubs,1
45,2014,Shrubs,5
45,2016,Shrubs,5
45,2017,Shrubs,14
45,2018,Shrubs,13
46,2011,Shrubs,2
46,2012,Shrubs,7
46,2013,Shrubs,3
46,2014,Shrubs,10
46,2016,Shrubs,8
46,2017,Shrubs,8
46,2018,Shrubs,9
47,2011,Shrubs,1
47,2012,Shrubs,2
47,2013,Shrubs,2
47,2014,Shrubs,3
47,2016,Shrubs,5
47,2017,Shrubs,6
47,2018,Shrubs,9
48,2011,Shrubs,0
48,2012,Shrubs,4
48,2013,Shrubs,2
48,2014,Shrubs,18
48,2016,Shrubs,30
48,2017,Shrubs,8
48,2018,Shrubs,14
49,2011,Shrubs,4
49,2012,Shrubs,18
49,2013,Shrubs,40
49,2014,Shrubs,30
49,2016,Shrubs,30
49,2017,Shrubs,35
49,2018,Shrubs,31
5,2011,Shrubs,4
5,2012,Shrubs,14
5,2013,Shrubs,28
5,2014,Shrubs,17
5,2016,Shrubs,43
5,2017,Shrubs,34
5,2018,Shrubs,22
50,2011,Shrubs,1
50,2012,Shrubs,2
50,2013,Shrubs,3
50,2014,Shrubs,6
50,2016,Shrubs,5
50,2017,Shrubs,4
50,2018,Shrubs,4
51,2011,Shrubs,2
51,2012,Shrubs,5
51,2013,Shrubs,7
51,2014,Shrubs,3
51,2016,Shrubs,6
51,2017,Shrubs,8
51,2018,Shrubs,7
52,2011,Shrubs,1
52,2012,Shrubs,20
52,2013,Shrubs,20
52,2014,Shrubs,25
52,2016,Shrubs,21
52,2017,Shrubs,26
52,2018,Shrubs,13
53,2011,Shrubs,0
53,2012,Shrubs,2
53,2013,Shrubs,5
53,2014,Shrubs,10
53,2016,Shrubs,20
53,2017,Shrubs,21
53,2018,Shrubs,20
55,2011,Shrubs,1
55,2012,Shrubs,2
55,2013,Shrubs,1
55,2014,Shrubs,5
55,2016,Shrubs,5
55,2017,Shrubs,3
55,2018,Shrubs,5
56,2011,Shrubs,3
56,2012,Shrubs,12
56,2013,Shrubs,14
56,2014,Shrubs,20
56,2016,Shrubs,20
56,2017,Shrubs,22
56,2018,Shrubs,14
57,2011,Shrubs,3
57,2012,Shrubs,22
57,2013,Shrubs,25
57,2014,Shrubs,25
57,2016,Shrubs,32
57,2017,Shrubs,26
57,2018,Shrubs,38
58A,2011,Shrubs,11
58A,2012,Shrubs,15
58A,2013,Shrubs,40
58A,2014,Shrubs,20
58A,2016,Shrubs,41
58A,2017,Shrubs,33
58A,2018,Shrubs,22
58B,2011,Shrubs,11
58B,2012,Shrubs,2
58B,2013,Shrubs,0
58B,2014,Shrubs,2
58B,2016,Shrubs,NA
58B,2017,Shrubs,0
58B,2018,Shrubs,1
59,2011,Shrubs,11
59,2012,Shrubs,15
59,2013,Shrubs,12
59,2014,Shrubs,20
59,2016,Shrubs,18
59,2017,Shrubs,26
59,2018,Shrubs,4
60,2012,Shrubs,15
60,2013,Shrubs,0
60,2014,Shrubs,20
60,2016,Shrubs,25
60,2017,Shrubs,17
60,2018,Shrubs,7
61,2011,Shrubs,4
61,2012,Shrubs,36
61,2013,Shrubs,25
61,2014,Shrubs,30
61,2016,Shrubs,25
61,2017,Shrubs,51
61,2018,Shrubs,31
62,2011,Shrubs,4
62,2012,Shrubs,16
62,2013,Shrubs,20
62,2014,Shrubs,25
62,2016,Shrubs,30
62,2017,Shrubs,33
62,2018,Shrubs,19
63,2011,Shrubs,2
63,2012,Shrubs,11
63,2013,Shrubs,17
63,2014,Shrubs,15
63,2016,Shrubs,22
63,2017,Shrubs,20
63,2018,Shrubs,11
64,2011,Shrubs,2
64,2012,Shrubs,14
64,2013,Shrubs,15
64,2014,Shrubs,25
64,2016,Shrubs,21
64,2017,Shrubs,24
64,2018,Shrubs,15
65,2011,Shrubs,1
65,2012,Shrubs,5
65,2013,Shrubs,15
65,2014,Shrubs,12
65,2016,Shrubs,8
65,2017,Shrubs,20
65,2018,Shrubs,10
66,2011,Shrubs,1
66,2012,Shrubs,17
66,2013,Shrubs,5
66,2014,Shrubs,15
66,2016,Shrubs,28
66,2017,Shrubs,26
66,2018,Shrubs,23
67,2011,Shrubs,1
67,2012,Shrubs,4
67,2013,Shrubs,5
67,2014,Shrubs,7
67,2016,Shrubs,12
67,2017,Shrubs,21
67,2018,Shrubs,10
68,2011,Shrubs,2
68,2012,Shrubs,9
68,2013,Shrubs,25
68,2014,Shrubs,15
68,2016,Shrubs,20
68,2017,Shrubs,35
68,2018,Shrubs,16
6A,2011,Shrubs,4
6A,2012,Shrubs,14
6A,2013,Shrubs,9
6A,2014,Shrubs,11
6A,2016,Shrubs,10
6A,2017,Shrubs,17
6A,2018,Shrubs,9
6B,2011,Shrubs,11
6B,2012,Shrubs,26
6B,2013,Shrubs,11
6B,2014,Shrubs,6
6B,2016,Shrubs,19
6B,2017,Shrubs,35
6B,2018,Shrubs,14
7,2011,Shrubs,4
7,2012,Shrubs,16
7,2013,Shrubs,10
7,2014,Shrubs,10
7,2016,Shrubs,26
7,2017,Shrubs,35
7,2018,Shrubs,9
8,2011,Shrubs,4
8,2012,Shrubs,14
8,2013,Shrubs,18
8,2014,Shrubs,15
8,2016,Shrubs,45
8,2017,Shrubs,40
8,2018,Shrubs,10
9,2011,Shrubs,11
9,2012,Shrubs,11
9,2013,Shrubs,20
9,2014,Shrubs,33
9,2016,Shrubs,30
9,2017,Shrubs,30
9,2018,Shrubs,19
1,2011,Trees,0
1,2012,Trees,7
1,2013,Trees,15
1,2014,Trees,5
1,2016,Trees,NA
1,2017,Trees,7
1,2018,Trees,4
10,2011,Trees,0
10,2012,Trees,1
10,2013,Trees,2
10,2014,Trees,0
10,2016,Trees,20
10,2017,Trees,2
10,2018,Trees,1
11,2011,Trees,0
11,2012,Trees,1
11,2013,Trees,2
11,2014,Trees,0
11,2016,Trees,0
11,2017,Trees,0.5
11,2018,Trees,0.5
12A,2011,Trees,0
12A,2012,Trees,0
12A,2013,Trees,0
12A,2014,Trees,0
12A,2016,Trees,20
12A,2017,Trees,1
12A,2018,Trees,1
12B,2011,Trees,0
12B,2012,Trees,4
12B,2013,Trees,2
12B,2014,Trees,2
12B,2016,Trees,17
12B,2017,Trees,5
12B,2018,Trees,5
14,2011,Trees,0
14,2012,Trees,2
14,2013,Trees,0
14,2014,Trees,5
14,2016,Trees,10
14,2017,Trees,0.5
14,2018,Trees,1
15,2011,Trees,0
15,2012,Trees,0
15,2013,Trees,2
15,2014,Trees,0
15,2016,Trees,2
15,2017,Trees,1
15,2018,Trees,2
16A,2011,Trees,0
16A,2012,Trees,1
16A,2013,Trees,2
16A,2014,Trees,1
16A,2016,Trees,8
16A,2017,Trees,1
16A,2018,Trees,0.5
16B,2011,Trees,0
16B,2012,Trees,1
16B,2013,Trees,1
16B,2014,Trees,0
16B,2016,Trees,3
16B,2017,Trees,0.5
16B,2018,Trees,0.5
17,2011,Trees,0
17,2012,Trees,2
17,2013,Trees,5
17,2014,Trees,1
17,2016,Trees,7
17,2017,Trees,2
17,2018,Trees,2
18,2011,Trees,0
18,2012,Trees,1
18,2013,Trees,1
18,2014,Trees,2
18,2016,Trees,4
18,2017,Trees,2
18,2018,Trees,2
19,2011,Trees,0
19,2012,Trees,1
19,2013,Trees,2
19,2014,Trees,0
19,2016,Trees,0
19,2017,Trees,1
19,2018,Trees,1
20,2011,Trees,0
20,2012,Trees,1
20,2013,Trees,1
20,2014,Trees,1
20,2016,Trees,30
20,2017,Trees,2
20,2018,Trees,1
21,2011,Trees,0
21,2012,Trees,1
21,2013,Trees,3
21,2014,Trees,3
21,2016,Trees,30
21,2017,Trees,5
21,2018,Trees,5
22,2011,Trees,0
22,2012,Trees,1
22,2013,Trees,0
22,2014,Trees,5
22,2016,Trees,20
22,2017,Trees,2
22,2018,Trees,3
23,2011,Trees,0
23,2012,Trees,0
23,2013,Trees,2
23,2014,Trees,1
23,2016,Trees,10
23,2017,Trees,5
23,2018,Trees,2
24,2011,Trees,0
24,2012,Trees,NA
24,2013,Trees,0
24,2014,Trees,0
24,2016,Trees,0
24,2017,Trees,0
24,2018,Trees,0
25,2011,Trees,0
25,2012,Trees,2
25,2013,Trees,1
25,2014,Trees,0
25,2016,Trees,10
25,2017,Trees,1
25,2018,Trees,0.5
26,2011,Trees,0
26,2012,Trees,0
26,2013,Trees,0
26,2014,Trees,0
26,2016,Trees,2
26,2017,Trees,1
26,2018,Trees,1
27,2011,Trees,0
27,2012,Trees,1
27,2013,Trees,2
27,2014,Trees,7
27,2016,Trees,20
27,2017,Trees,15
27,2018,Trees,4
28,2011,Trees,0
28,2012,Trees,1
28,2013,Trees,3
28,2014,Trees,1
28,2016,Trees,1
28,2017,Trees,1
28,2018,Trees,1
29,2011,Trees,0
29,2012,Trees,0
29,2013,Trees,3
29,2014,Trees,1
29,2016,Trees,2
29,2017,Trees,1
29,2018,Trees,1
2A,2011,Trees,0
2A,2012,Trees,7
2A,2013,Trees,8
2A,2014,Trees,5
2A,2016,Trees,9
2A,2017,Trees,3
2A,2018,Trees,3
2B,2011,Trees,0
2B,2012,Trees,1
2B,2013,Trees,5
2B,2014,Trees,0
2B,2016,Trees,NA
2B,2017,Trees,20
2B,2018,Trees,2
3,2011,Trees,0
3,2012,Trees,1
3,2013,Trees,5
3,2014,Trees,3
3,2016,Trees,25
3,2017,Trees,8
3,2018,Trees,6
30A,2011,Trees,0
30A,2012,Trees,3
30A,2013,Trees,10
30A,2014,Trees,2
30A,2016,Trees,20
30A,2017,Trees,3
30A,2018,Trees,3
30B,2011,Trees,0
30B,2012,Trees,2
30B,2013,Trees,7
30B,2014,Trees,2
30B,2016,Trees,12
30B,2017,Trees,2
30B,2018,Trees,2
31,2011,Trees,0
31,2012,Trees,1
31,2013,Trees,2
31,2014,Trees,1
31,2016,Trees,5
31,2017,Trees,1
31,2018,Trees,1
32,2011,Trees,0
32,2012,Trees,2
32,2013,Trees,7
32,2014,Trees,1
32,2016,Trees,6
32,2017,Trees,2
32,2018,Trees,2
33,2011,Trees,0
33,2012,Trees,2
33,2013,Trees,15
33,2014,Trees,2
33,2016,Trees,5
33,2017,Trees,3
33,2018,Trees,2
34,2011,Trees,0
34,2012,Trees,1
34,2013,Trees,2
34,2014,Trees,1
34,2016,Trees,2
34,2017,Trees,1
34,2018,Trees,1
35,2011,Trees,0
35,2012,Trees,1
35,2013,Trees,0
35,2014,Trees,10
35,2016,Trees,20
35,2017,Trees,12
35,2018,Trees,4
36,2011,Trees,0
36,2012,Trees,1
36,2013,Trees,1
36,2014,Trees,5
36,2016,Trees,4
36,2017,Trees,2
36,2018,Trees,1
37A,2011,Trees,0
37A,2012,Trees,4
37A,2013,Trees,5
37A,2014,Trees,5
37A,2016,Trees,18
37A,2017,Trees,6
37A,2018,Trees,3
37B,2011,Trees,0
37B,2012,Trees,0
37B,2013,Trees,0
37B,2014,Trees,0
37B,2016,Trees,0
37B,2017,Trees,1
37B,2018,Trees,0
38A,2011,Trees,0
38A,2012,Trees,1
38A,2013,Trees,5
38A,2014,Trees,5
38A,2016,Trees,3
38A,2017,Trees,3
38A,2018,Trees,3
38B,2011,Trees,0
38B,2012,Trees,0
38B,2013,Trees,0
38B,2014,Trees,5
38B,2016,Trees,NA
38B,2017,Trees,0
38B,2018,Trees,0
39A,2011,Trees,1
39A,2012,Trees,0
39A,2013,Trees,0
39A,2014,Trees,2
39A,2016,Trees,0.5
39A,2017,Trees,3
39A,2018,Trees,0
39B,2012,Trees,2
39B,2013,Trees,10
39B,2014,Trees,15
39B,2016,Trees,35
39B,2017,Trees,10
39B,2018,Trees,9
4,2011,Trees,0
4,2012,Trees,1
4,2013,Trees,0
4,2014,Trees,0
4,2016,Trees,0
4,2017,Trees,0
4,2018,Trees,0
40,2011,Trees,0
40,2012,Trees,3
40,2013,Trees,10
40,2014,Trees,10
40,2016,Trees,50
40,2017,Trees,8
40,2018,Trees,6
41,2011,Trees,0
41,2012,Trees,4
41,2013,Trees,20
41,2014,Trees,5
41,2016,Trees,35
41,2017,Trees,7
41,2018,Trees,3
42,2011,Trees,0
42,2012,Trees,1
42,2013,Trees,6
42,2014,Trees,2
42,2016,Trees,2
42,2017,Trees,1
42,2018,Trees,1
43,2011,Trees,0
43,2012,Trees,0
43,2013,Trees,5
43,2014,Trees,0
43,2016,Trees,4
43,2017,Trees,1
43,2018,Trees,2
44,2011,Trees,0
44,2012,Trees,0
44,2013,Trees,5
44,2014,Trees,0
44,2016,Trees,3
44,2017,Trees,1
44,2018,Trees,1
45,2011,Trees,0
45,2012,Trees,1
45,2013,Trees,0
45,2014,Trees,1
45,2016,Trees,0
45,2017,Trees,1
45,2018,Trees,1
46,2011,Trees,0
46,2012,Trees,0
46,2013,Trees,0
46,2014,Trees,0
46,2016,Trees,0
46,2017,Trees,1
46,2018,Trees,1
47,2011,Trees,0
47,2012,Trees,0
47,2013,Trees,2
47,2014,Trees,1
47,2016,Trees,5
47,2017,Trees,1
47,2018,Trees,1
48,2011,Trees,0
48,2012,Trees,0
48,2013,Trees,0
48,2014,Trees,0
48,2016,Trees,0
48,2017,Trees,0
48,2018,Trees,0
49,2011,Trees,0
49,2012,Trees,1
49,2013,Trees,7
49,2014,Trees,3
49,2016,Trees,5
49,2017,Trees,2
49,2018,Trees,1
5,2011,Trees,0
5,2012,Trees,4
5,2013,Trees,3
5,2014,Trees,2
5,2016,Trees,15
5,2017,Trees,8
5,2018,Trees,3
50,2011,Trees,0
50,2012,Trees,0
50,2013,Trees,0
50,2014,Trees,0
50,2016,Trees,0
50,2017,Trees,0.5
50,2018,Trees,0
51,2011,Trees,0
51,2012,Trees,0
51,2013,Trees,0
51,2014,Trees,0
51,2016,Trees,15
51,2017,Trees,1
51,2018,Trees,1
52,2011,Trees,0
52,2012,Trees,3
52,2013,Trees,0
52,2014,Trees,3
52,2016,Trees,0
52,2017,Trees,6
52,2018,Trees,2
53,2011,Trees,0
53,2012,Trees,0
53,2013,Trees,0
53,2014,Trees,0
53,2016,Trees,0
53,2017,Trees,0.5
53,2018,Trees,1
55,2011,Trees,0
55,2012,Trees,0
55,2013,Trees,0
55,2014,Trees,0
55,2016,Trees,0
55,2017,Trees,0
55,2018,Trees,0
56,2011,Trees,0
56,2012,Trees,1
56,2013,Trees,3
56,2014,Trees,7
56,2016,Trees,3
56,2017,Trees,3
56,2018,Trees,4
57,2011,Trees,0
57,2012,Trees,0
57,2013,Trees,0
57,2014,Trees,0
57,2016,Trees,0.5
57,2017,Trees,0
57,2018,Trees,0
58A,2011,Trees,0
58A,2012,Trees,1
58A,2013,Trees,0
58A,2014,Trees,1
58A,2016,Trees,2
58A,2017,Trees,1
58A,2018,Trees,1
58B,2011,Trees,0
58B,2012,Trees,1
58B,2013,Trees,0
58B,2014,Trees,1
58B,2016,Trees,NA
58B,2017,Trees,0.5
58B,2018,Trees,0
59,2011,Trees,0
59,2012,Trees,1
59,2013,Trees,1
59,2014,Trees,2
59,2016,Trees,5
59,2017,Trees,1
59,2018,Trees,2
60,2012,Trees,1
60,2013,Trees,0
60,2014,Trees,2
60,2016,Trees,7
60,2017,Trees,1
60,2018,Trees,1
61,2011,Trees,0
61,2012,Trees,4
61,2013,Trees,1
61,2014,Trees,1
61,2016,Trees,0
61,2017,Trees,1
61,2018,Trees,1
62,2011,Trees,1
62,2012,Trees,3
62,2013,Trees,2
62,2014,Trees,0
62,2016,Trees,0
62,2017,Trees,0
62,2018,Trees,0.5
63,2011,Trees,0
63,2012,Trees,0
63,2013,Trees,0
63,2014,Trees,1
63,2016,Trees,0
63,2017,Trees,1
63,2018,Trees,0.5
64,2011,Trees,0
64,2012,Trees,0
64,2013,Trees,0
64,2014,Trees,1
64,2016,Trees,4
64,2017,Trees,1
64,2018,Trees,1
65,2011,Trees,0
65,2012,Trees,6
65,2013,Trees,0
65,2014,Trees,2
65,2016,Trees,8
65,2017,Trees,2
65,2018,Trees,1
66,2011,Trees,0
66,2012,Trees,1
66,2013,Trees,5
66,2014,Trees,1
66,2016,Trees,10
66,2017,Trees,3
66,2018,Trees,1
67,2011,Trees,0
67,2012,Trees,0
67,2013,Trees,0
67,2014,Trees,0
67,2016,Trees,4
67,2017,Trees,1
67,2018,Trees,1
68,2011,Trees,0
68,2012,Trees,3
68,2013,Trees,0
68,2014,Trees,2
68,2016,Trees,35
68,2017,Trees,6
68,2018,Trees,3
6A,2011,Trees,0
6A,2012,Trees,0
6A,2013,Trees,0
6A,2014,Trees,0
6A,2016,Trees,1
6A,2017,Trees,0.5
6A,2018,Trees,0
6B,2011,Trees,0
6B,2012,Trees,0
6B,2013,Trees,0
6B,2014,Trees,0
6B,2016,Trees,0
6B,2017,Trees,2
6B,2018,Trees,0.5
7,2011,Trees,0
7,2012,Trees,1
7,2013,Trees,0
7,2014,Trees,0
7,2016,Trees,3
7,2017,Trees,8
7,2018,Trees,2
8,2011,Trees,0
8,2012,Trees,3
8,2013,Trees,0
8,2014,Trees,1
8,2016,Trees,35
8,2017,Trees,20
8,2018,Trees,1
9,2011,Trees,0
9,2012,Trees,1
9,2013,Trees,0
9,2014,Trees,0
9,2016,Trees,1
9,2017,Trees,4
9,2018,Trees,2
1,2011,Weeds,1
1,2012,Weeds,1
1,2013,Weeds,1
1,2014,Weeds,0
1,2016,Weeds,NA
1,2017,Weeds,3
1,2018,Weeds,2
10,2011,Weeds,1
10,2012,Weeds,6
10,2013,Weeds,10
10,2014,Weeds,0
10,2016,Weeds,8
10,2017,Weeds,6
10,2018,Weeds,3
11,2011,Weeds,0
11,2012,Weeds,7
11,2013,Weeds,15
11,2014,Weeds,5
11,2016,Weeds,5
11,2017,Weeds,2
11,2018,Weeds,0.5
12A,2011,Weeds,1
12A,2012,Weeds,5
12A,2013,Weeds,0
12A,2014,Weeds,0
12A,2016,Weeds,1
12A,2017,Weeds,2
12A,2018,Weeds,0.5
12B,2011,Weeds,1
12B,2012,Weeds,1
12B,2013,Weeds,1
12B,2014,Weeds,1
12B,2016,Weeds,1
12B,2017,Weeds,2
12B,2018,Weeds,3
14,2011,Weeds,1
14,2012,Weeds,2
14,2013,Weeds,10
14,2014,Weeds,0
14,2016,Weeds,2
14,2017,Weeds,8
14,2018,Weeds,2
15,2011,Weeds,1
15,2012,Weeds,15
15,2013,Weeds,10
15,2014,Weeds,5
15,2016,Weeds,4
15,2017,Weeds,12
15,2018,Weeds,3
16A,2011,Weeds,1
16A,2012,Weeds,5
16A,2013,Weeds,2
16A,2014,Weeds,0
16A,2016,Weeds,1
16A,2017,Weeds,1
16A,2018,Weeds,0.5
16B,2011,Weeds,1
16B,2012,Weeds,6
16B,2013,Weeds,3
16B,2014,Weeds,15
16B,2016,Weeds,4
16B,2017,Weeds,4
16B,2018,Weeds,8
17,2011,Weeds,1
17,2012,Weeds,2
17,2013,Weeds,1
17,2014,Weeds,0
17,2016,Weeds,1
17,2017,Weeds,1
17,2018,Weeds,1
18,2011,Weeds,4
18,2012,Weeds,2
18,2013,Weeds,11
18,2014,Weeds,1
18,2016,Weeds,15
18,2017,Weeds,6
18,2018,Weeds,5
19,2011,Weeds,4
19,2012,Weeds,5
19,2013,Weeds,8
19,2014,Weeds,5
19,2016,Weeds,14
19,2017,Weeds,14
19,2018,Weeds,8
20,2011,Weeds,4
20,2012,Weeds,24
20,2013,Weeds,20
20,2014,Weeds,30
20,2016,Weeds,35
20,2017,Weeds,25
20,2018,Weeds,15
21,2011,Weeds,1
21,2012,Weeds,18
21,2013,Weeds,10
21,2014,Weeds,20
21,2016,Weeds,34
21,2017,Weeds,28
21,2018,Weeds,14
22,2011,Weeds,4
22,2012,Weeds,22
22,2013,Weeds,1
22,2014,Weeds,25
22,2016,Weeds,28
22,2017,Weeds,21
22,2018,Weeds,16
23,2011,Weeds,1
23,2012,Weeds,2
23,2013,Weeds,1
23,2014,Weeds,15
23,2016,Weeds,25
23,2017,Weeds,6
23,2018,Weeds,10
24,2011,Weeds,1
24,2012,Weeds,NA
24,2013,Weeds,5
24,2014,Weeds,5
24,2016,Weeds,5
24,2017,Weeds,6
24,2018,Weeds,3
25,2011,Weeds,11
25,2012,Weeds,3
25,2013,Weeds,7
25,2014,Weeds,3
25,2016,Weeds,5
25,2017,Weeds,3
25,2018,Weeds,2
26,2011,Weeds,13
26,2012,Weeds,8
26,2013,Weeds,5
26,2014,Weeds,3
26,2016,Weeds,2
26,2017,Weeds,13
26,2018,Weeds,3
27,2011,Weeds,4
27,2012,Weeds,5
27,2013,Weeds,3
27,2014,Weeds,2
27,2016,Weeds,2
27,2017,Weeds,8
27,2018,Weeds,3
28,2011,Weeds,11
28,2012,Weeds,5
28,2013,Weeds,5
28,2014,Weeds,5
28,2016,Weeds,1
28,2017,Weeds,3
28,2018,Weeds,0.5
29,2011,Weeds,4
29,2012,Weeds,17
29,2013,Weeds,30
29,2014,Weeds,15
29,2016,Weeds,25
29,2017,Weeds,13
29,2018,Weeds,2
2A,2011,Weeds,4
2A,2012,Weeds,7
2A,2013,Weeds,1
2A,2014,Weeds,1
2A,2016,Weeds,2
2A,2017,Weeds,3
2A,2018,Weeds,1
2B,2011,Weeds,6
2B,2012,Weeds,14
2B,2013,Weeds,1
2B,2014,Weeds,3
2B,2016,Weeds,NA
2B,2017,Weeds,2
2B,2018,Weeds,2
3,2011,Weeds,6
3,2012,Weeds,9
3,2013,Weeds,5
3,2014,Weeds,3
3,2016,Weeds,4
3,2017,Weeds,3
3,2018,Weeds,3
30A,2011,Weeds,4
30A,2012,Weeds,8
30A,2013,Weeds,8
30A,2014,Weeds,5
30A,2016,Weeds,15
30A,2017,Weeds,8
30A,2018,Weeds,1
30B,2011,Weeds,4
30B,2012,Weeds,21
30B,2013,Weeds,30
30B,2014,Weeds,30
30B,2016,Weeds,38
30B,2017,Weeds,29
30B,2018,Weeds,16
31,2011,Weeds,4
31,2012,Weeds,12
31,2013,Weeds,8
31,2014,Weeds,5
31,2016,Weeds,5
31,2017,Weeds,12
31,2018,Weeds,3
32,2011,Weeds,1
32,2012,Weeds,5
32,2013,Weeds,5
32,2014,Weeds,7
32,2016,Weeds,6
32,2017,Weeds,15
32,2018,Weeds,8
33,2011,Weeds,1
33,2012,Weeds,5
33,2013,Weeds,8
33,2014,Weeds,10
33,2016,Weeds,0.5
33,2017,Weeds,6
33,2018,Weeds,4
34,2011,Weeds,1
34,2012,Weeds,10
34,2013,Weeds,8
34,2014,Weeds,3
34,2016,Weeds,21
34,2017,Weeds,20
34,2018,Weeds,8
35,2011,Weeds,1
35,2012,Weeds,11
35,2013,Weeds,5
35,2014,Weeds,3
35,2016,Weeds,2
35,2017,Weeds,10
35,2018,Weeds,4
36,2011,Weeds,1
36,2012,Weeds,5
36,2013,Weeds,5
36,2014,Weeds,1
36,2016,Weeds,4
36,2017,Weeds,5
36,2018,Weeds,2
37A,2011,Weeds,4
37A,2012,Weeds,10
37A,2013,Weeds,13
37A,2014,Weeds,3
37A,2016,Weeds,4
37A,2017,Weeds,14
37A,2018,Weeds,3
37B,2011,Weeds,4
37B,2012,Weeds,5
37B,2013,Weeds,1
37B,2014,Weeds,2
37B,2016,Weeds,3
37B,2017,Weeds,4
37B,2018,Weeds,9
38A,2011,Weeds,3
38A,2012,Weeds,17
38A,2013,Weeds,30
38A,2014,Weeds,20
38A,2016,Weeds,35
38A,2017,Weeds,9
38A,2018,Weeds,6
38B,2011,Weeds,3
38B,2012,Weeds,8
38B,2013,Weeds,20
38B,2014,Weeds,20
38B,2016,Weeds,NA
38B,2017,Weeds,11
38B,2018,Weeds,13
39A,2011,Weeds,6
39A,2012,Weeds,15
39A,2013,Weeds,20
39A,2014,Weeds,15
39A,2016,Weeds,26
39A,2017,Weeds,12
39A,2018,Weeds,8
39B,2012,Weeds,14
39B,2013,Weeds,10
39B,2014,Weeds,15
39B,2016,Weeds,18
39B,2017,Weeds,21
39B,2018,Weeds,4
4,2011,Weeds,1
4,2012,Weeds,2
4,2013,Weeds,0
4,2014,Weeds,1
4,2016,Weeds,0.5
4,2017,Weeds,0
4,2018,Weeds,0
40,2011,Weeds,6
40,2012,Weeds,24
40,2013,Weeds,50
40,2014,Weeds,20
40,2016,Weeds,35
40,2017,Weeds,8
40,2018,Weeds,4
41,2011,Weeds,6
41,2012,Weeds,10
41,2013,Weeds,10
41,2014,Weeds,20
41,2016,Weeds,12
41,2017,Weeds,12
41,2018,Weeds,6
42,2011,Weeds,4
42,2012,Weeds,7
42,2013,Weeds,20
42,2014,Weeds,15
42,2016,Weeds,9
42,2017,Weeds,20
42,2018,Weeds,12
43,2011,Weeds,11
43,2012,Weeds,29
43,2013,Weeds,10
43,2014,Weeds,30
43,2016,Weeds,9
43,2017,Weeds,7
43,2018,Weeds,9
44,2011,Weeds,4
44,2012,Weeds,17
44,2013,Weeds,30
44,2014,Weeds,20
44,2016,Weeds,5
44,2017,Weeds,10
44,2018,Weeds,6
45,2011,Weeds,11
45,2012,Weeds,24
45,2013,Weeds,20
45,2014,Weeds,41
45,2016,Weeds,45
45,2017,Weeds,22
45,2018,Weeds,19
46,2011,Weeds,10
46,2012,Weeds,17
46,2013,Weeds,10
46,2014,Weeds,20
46,2016,Weeds,30
46,2017,Weeds,10
46,2018,Weeds,20
47,2011,Weeds,4
47,2012,Weeds,16
47,2013,Weeds,5
47,2014,Weeds,30
47,2016,Weeds,40
47,2017,Weeds,13
47,2018,Weeds,13
48,2011,Weeds,1
48,2012,Weeds,14
48,2013,Weeds,8
48,2014,Weeds,25
48,2016,Weeds,12
48,2017,Weeds,7
48,2018,Weeds,7
49,2011,Weeds,11
49,2012,Weeds,8
49,2013,Weeds,20
49,2014,Weeds,10
49,2016,Weeds,6
49,2017,Weeds,12
49,2018,Weeds,5
5,2011,Weeds,1
5,2012,Weeds,1
5,2013,Weeds,1
5,2014,Weeds,0
5,2016,Weeds,1
5,2017,Weeds,1
5,2018,Weeds,0.5
50,2011,Weeds,1
50,2012,Weeds,11
50,2013,Weeds,17
50,2014,Weeds,20
50,2016,Weeds,4
50,2017,Weeds,6
50,2018,Weeds,7
51,2011,Weeds,4
51,2012,Weeds,27
51,2013,Weeds,20
51,2014,Weeds,20
51,2016,Weeds,6
51,2017,Weeds,6
51,2018,Weeds,2
52,2011,Weeds,1
52,2012,Weeds,17
52,2013,Weeds,5
52,2014,Weeds,7
52,2016,Weeds,5
52,2017,Weeds,9
52,2018,Weeds,8
53,2011,Weeds,1
53,2012,Weeds,5
53,2013,Weeds,5
53,2014,Weeds,2
53,2016,Weeds,1
53,2017,Weeds,2
53,2018,Weeds,4
55,2011,Weeds,1
55,2012,Weeds,14
55,2013,Weeds,2
55,2014,Weeds,10
55,2016,Weeds,2
55,2017,Weeds,4
55,2018,Weeds,1
56,2011,Weeds,4
56,2012,Weeds,29
56,2013,Weeds,18
56,2014,Weeds,13
56,2016,Weeds,3
56,2017,Weeds,10
56,2018,Weeds,8
57,2011,Weeds,4
57,2012,Weeds,14
57,2013,Weeds,7
57,2014,Weeds,5
57,2016,Weeds,12
57,2017,Weeds,8
57,2018,Weeds,6
58A,2011,Weeds,11
58A,2012,Weeds,14
58A,2013,Weeds,15
58A,2014,Weeds,17
58A,2016,Weeds,20
58A,2017,Weeds,23
58A,2018,Weeds,7
58B,2011,Weeds,11
58B,2012,Weeds,15
58B,2013,Weeds,5
58B,2014,Weeds,13
58B,2016,Weeds,NA
58B,2017,Weeds,10
58B,2018,Weeds,9
59,2011,Weeds,13
59,2012,Weeds,34
59,2013,Weeds,15
59,2014,Weeds,10
59,2016,Weeds,15
59,2017,Weeds,15
59,2018,Weeds,7
60,2012,Weeds,11
60,2013,Weeds,5
60,2014,Weeds,12
60,2016,Weeds,6
60,2017,Weeds,10
60,2018,Weeds,2
61,2011,Weeds,1
61,2012,Weeds,3
61,2013,Weeds,20
61,2014,Weeds,8
61,2016,Weeds,25
61,2017,Weeds,5
61,2018,Weeds,5
62,2011,Weeds,1
62,2012,Weeds,17
62,2013,Weeds,5
62,2014,Weeds,15
62,2016,Weeds,27
62,2017,Weeds,10
62,2018,Weeds,12
63,2011,Weeds,1
63,2012,Weeds,6
63,2013,Weeds,10
63,2014,Weeds,2
63,2016,Weeds,2
63,2017,Weeds,2
63,2018,Weeds,2
64,2011,Weeds,4
64,2012,Weeds,5
64,2013,Weeds,3
64,2014,Weeds,0
64,2016,Weeds,2
64,2017,Weeds,2
64,2018,Weeds,3
65,2011,Weeds,11
65,2012,Weeds,24
65,2013,Weeds,25
65,2014,Weeds,30
65,2016,Weeds,55
65,2017,Weeds,29
65,2018,Weeds,29
66,2011,Weeds,4
66,2012,Weeds,18
66,2013,Weeds,35
66,2014,Weeds,7
66,2016,Weeds,18
66,2017,Weeds,14
66,2018,Weeds,5
67,2011,Weeds,5
67,2012,Weeds,13
67,2013,Weeds,30
67,2014,Weeds,10
67,2016,Weeds,31
67,2017,Weeds,14
67,2018,Weeds,9
68,2011,Weeds,3
68,2012,Weeds,17
68,2013,Weeds,30
68,2014,Weeds,8
68,2016,Weeds,23
68,2017,Weeds,13
68,2018,Weeds,11
6A,2011,Weeds,0
6A,2012,Weeds,1
6A,2013,Weeds,0
6A,2014,Weeds,0
6A,2016,Weeds,0.5
6A,2017,Weeds,1
6A,2018,Weeds,0.5
6B,2011,Weeds,0
6B,2012,Weeds,1
6B,2013,Weeds,0
6B,2014,Weeds,0
6B,2016,Weeds,0.5
6B,2017,Weeds,3
6B,2018,Weeds,0.5
7,2011,Weeds,1
7,2012,Weeds,6
7,2013,Weeds,1
7,2014,Weeds,0
7,2016,Weeds,1
7,2017,Weeds,2
7,2018,Weeds,2
8,2011,Weeds,1
8,2012,Weeds,6
8,2013,Weeds,0
8,2014,Weeds,1
8,2016,Weeds,2
8,2017,Weeds,3
8,2018,Weeds,1
9,2011,Weeds,1
9,2012,Weeds,4
9,2013,Weeds,0
9,2014,Weeds,0
9,2016,Weeds,2
9,2017,Weeds,3
9,2018,Weeds,0.5
