Kind Of Sample,Lab No,Cust No,Name,Company,Address 1,Address 2,City,State,Zip,Grower,Field ID,Sample ID,Date Recd,Date Rept,B Depth,E Depth,Past Crop,1:1 Soil pH,WDRF Buffer pH,1:1 S Salts mmho/cm,Excess Lime,Texture No,Organic Matter LOI %,Nitrate-N ppm N,lbs N/A,Bray P-1 ppm P,Olsen P ppm P,Potassium ppm K,Sulfate-S ppm S,Zinc ppm Zn,Iron ppm Fe,Manganese ppm Mn,Copper ppm Cu,Calcium ppm Ca,Magnesium ppm Mg,Sodium ppm Na,Boron ppm B,CEC/Sum of Cations me/100g,%H Sat,%K Sat,%Ca Sat,%Mg Sat,%Na Sat,2N KCl NO3-N ppm N,KCl NH4-N ppm,Aluminum ppm Al,Chloride ppm Cl,Bray P-2 ppm P,Mehlich P-II ppm P,Mehlich P-III ppm P,Salt pH,Salt Buffer pH,WB OM %,Total N ppm,Soil Moisture %,Total P ppm,Total Zn ppm,Nitrite-N ppm,% Sand,% Silt,% Clay,Texture,Paste % Sat,Paste pH,Paste EC mmho/cm,Paste HCO3 ppm,Paste Cl ppm,Paste Ca ppm,Paste Mg ppm,Paste Na ppm,Paste S ppm,Paste SAR,Crop 1,YG 1,Nitrogen Rec,P2O5 Rec,K2O Rec,Sulfur Rec,Zinc Rec,Magnesium Rec,Iron Rec,Manganese Rec,Copper Rec,Boron Rec,Lime Rec,Crop 2,YG 2,Nitrogen Rec,P2O5 Rec,K2O Rec,Sulfur Rec,Zinc Rec,Magnesium Rec,Iron Rec,Manganese Rec,Copper Rec,Boron Rec,Lime Rec,Crop 3,YG 3,Nitrogen Rec,P2O5 Rec,K2O Rec,Sulfur Rec,Zinc Rec,Magnesium Rec,Iron Rec,Manganese Rec,Copper Rec,Boron Rec,Lime Rec,Organic Carbon %,Water Soluble K,Total Carbon %,H2O NO3-N,Total Dry Weight,Total S,PSNT N/A,H2O Ca,Paste CO3 ppm,Phosphorus M3 ICAP ppm P,Potassium M3 ICAP ppm K,Sulfur M3 ICAP ppm S,Zinc M3 ICAP ppm Zn,Iron M3 ICAP ppm Fe,Manganese M3 ICAP ppm Mn,Copper M3 ICAP ppm Cu,Calcium M3 ICAP ppm Ca,Magnesium M3 ICAP ppm Mg,Sodium M3 ICAP ppm Na,Boron M3 ICAP ppm B,1N KCl NO3-N ppm N,KCl NH4-N ppm (Old),2N KCl NO3-N ppm N (Old),2N KCL NO3 Lbs-Acre,Ammonium Lbs-Acre,Aluminium M3 ICAP ppm Al,Organic C H2O ppm,Organic N H2O ppm,Organic C:N H2O,PSNT ppm N,Sikora pH,Sikora Buffer,Bulk Density,2:1 Soil pH,2:1 Soluble Salts,POX-C ppm C,Aggregate Stability 1-2mm %,Aggregate Stability 1-2mm in bulk soil %,Available Water g H2O g-1 soil,Available Water inch H2O inch-1 of soil,Total Available Water inches H2O sample-1,Field Capacity % (wt.),Permanent Wilting Point % (wt.,Total K ppm K,SAR %K Sat,Total C Concentration %,Total C lbs/Acre,Total N Concentration %,Total N lbs/Acre,Total C:N lbs/Acre Ratio,Total P Concentration %,Total P lbs/Acre,Total P2O5 Concentration %,Total P2O5 lbs/Acre,Total K Concentration %,Total K lbs/Acre,Total K2O Concentration %,Total K2O lbs/Acre,Total Ca Concentration %,Total Ca lbs/Acre,Total Mg Concentration %,Total Mg lbs/Acre,Total S Concentration %,Total S lbs/Acre,Total Zn Concentration ppm,Total Zn lbs/Acre,Total Fe Concentration ppm,Total Fe lbs/Acre,Total Mn Concentration ppm,Total Mn lbs/Acre,Total Cu Concentration ppm,Total Cu lbs/Acre,Total B Concentration ppm,Total B lbs/Acre,Total Mo Concentration ppm,Total Mo lbs/Acre,Total Ni ppm Ni,Total As ppm As,Total Cd ppm Cd,Total Pb ppm Pb,Rocks grams,Roots grams,Total Cr ppm Cr,Total Co ppm Co,Total Se ppm Se,Total Mo ppm Mo,H2O NH4-N,Sample Density g/cc,Molybdenum Hot Water ppm Mo,H2O P,Texture By Feel,Comprehensive Bulk Density,H3A K,CO2 Soil Respiration,Rock Volume cm3,Rock Density g/cm3,Ace Protein g/Kg,Water Stable Aggregates (Mod),KCL FIA Bromide ppm Br,Cadmium DTPA ppm Cd,Calcium by Displacement ppm Ca,Sodium by Displacement ppm Na,Magnesium by Displacement ppm,Potassium by Displacement ppm,ESP %,Total N H2O ppm N,H3A Nitrate-N ppm NO3-N,H3A Ammonium-N ppm NH4-N,H3A Phosphate-P ppm PO4-P,H3A Phosphorus ppm P,H3A Sulfur ppm S,H3A Zinc ppm Zn,H3A Iron ppm Fe,H3A Manganese ppm Mn,H3A Copper ppm Cu,H3A Calcium ppm Ca,H3A Magnesium ppm Mg,H3A Sodium ppm Na,H3A Aluminum ppm Al,Cobalt DTPA ppm Co,Soil Health Score,Ammonium Lbs/Acre,NO3-N Lbs/Acre,N.A. me/100g,Organic C : Organic N,Organic Nitrogen ppm N,Inorganic Nitrogen ppm N,Organic Phosphorus ppm P,Microbially Active Carbon (%MA,Organic Nitrogen Release ppm N,Organic Nitrogen Reserve ppm N,Calcium Carbonate %,,,,,
S,611351,25189,,TOMKAT RANCH EDUCATIONAL FOUND,PO BOX 726,,PESCADERO,CA,94060-0726,TKREF,SS BALE GRAZE,C1-C,10/05/2022,10/07/2022,0,8,All Other Crops,5.3,5.6,0.13,NONE,2,6.2,1.6,4,,7.7,251,9.7,2.57,324.5,18.2,1.35,784,402,69,,21.8,62,3,18,15,1,,,,,,,,,,,,,,,,,,,,,,,,,,,,,,,,,,,,,,,,,,,,,,,,,,,,,,,,,,,,,,,,,,,,,3.441,,,,,,,,,,,,,,,,,,,,,,,,,,,,,,,,,,,,,,,,,,,,,,,,,,,,,,,,,,,,,,,,,,,,,,,,,,,,,,,,,,,,,,,,,,,,,,,,,,,,,,,,,,,,,,,,,,,,,,,,,,,,,,,,,,,,,,,,
S,611352,25189,,TOMKAT RANCH EDUCATIONAL FOUND,PO BOX 726,,PESCADERO,CA,94060-0726,TKREF,SS BALE GRAZE,C1-I,10/05/2022,10/07/2022,0,8,All Other Crops,5.4,5.7,0.14,NONE,2,6.8,1.6,4,,7.9,291,9.7,2.77,381.8,21,0.88,838,424,78,,22.3,61,3,18,16,2,,,,,,,,,,,,,,,,,,,,,,,,,,,,,,,,,,,,,,,,,,,,,,,,,,,,,,,,,,,,,,,,,,,,,3.681,,,,,,,,,,,,,,,,,,,,,,,,,,,,,,,,,,,,,,,,,,,,,,,,,,,,,,,,,,,,,,,,,,,,,,,,,,,,,,,,,,,,,,,,,,,,,,,,,,,,,,,,,,,,,,,,,,,,,,,,,,,,,,,,,,,,,,,,
S,611353,25189,,TOMKAT RANCH EDUCATIONAL FOUND,PO BOX 726,,PESCADERO,CA,94060-0726,TKREF,SS BALE GRAZE,C1-S,10/05/2022,10/07/2022,0,8,All Other Crops,5.4,5.5,0.11,NONE,2,6.8,0.9,2,,7.4,310,9.4,2.55,321.5,17,1.04,778,430,78,,23.4,63,3,17,15,1,,,,,,,,,,,,,,,,,,,,,,,,,,,,,,,,,,,,,,,,,,,,,,,,,,,,,,,,,,,,,,,,,,,,,3.434,,,,,,,,,,,,,,,,,,,,,,,,,,,,,,,,,,,,,,,,,,,,,,,,,,,,,,,,,,,,,,,,,,,,,,,,,,,,,,,,,,,,,,,,,,,,,,,,,,,,,,,,,,,,,,,,,,,,,,,,,,,,,,,,,,,,,,,,
S,611354,25189,,TOMKAT RANCH EDUCATIONAL FOUND,PO BOX 726,,PESCADERO,CA,94060-0726,TKREF,SS BALE GRAZE,C2-C,10/05/2022,10/07/2022,0,8,All Other Crops,5.5,5.7,0.11,NONE,2,6,2.7,6,,7.9,344,9.2,2.83,302.8,21,0.97,879,406,66,,22.3,60,4,20,15,1,,,,,,,,,,,,,,,,,,,,,,,,,,,,,,,,,,,,,,,,,,,,,,,,,,,,,,,,,,,,,,,,,,,,,3.332,,,,,,,,,,,,,,,,,,,,,,,,,,,,,,,,,,,,,,,,,,,,,,,,,,,,,,,,,,,,,,,,,,,,,,,,,,,,,,,,,,,,,,,,,,,,,,,,,,,,,,,,,,,,,,,,,,,,,,,,,,,,,,,,,,,,,,,,
S,611355,25189,,TOMKAT RANCH EDUCATIONAL FOUND,PO BOX 726,,PESCADERO,CA,94060-0726,TKREF,SS BALE GRAZE,C2-I,10/05/2022,10/07/2022,0,8,All Other Crops,5.4,5.6,0.14,NONE,2,6.9,1.9,5,,8,317,11.7,3.62,314.4,23.8,0.76,815,372,66,,21.9,62,4,19,14,1,,,,,,,,,,,,,,,,,,,,,,,,,,,,,,,,,,,,,,,,,,,,,,,,,,,,,,,,,,,,,,,,,,,,,3.907,,,,,,,,,,,,,,,,,,,,,,,,,,,,,,,,,,,,,,,,,,,,,,,,,,,,,,,,,,,,,,,,,,,,,,,,,,,,,,,,,,,,,,,,,,,,,,,,,,,,,,,,,,,,,,,,,,,,,,,,,,,,,,,,,,,,,,,,
S,611356,25189,,TOMKAT RANCH EDUCATIONAL FOUND,PO BOX 726,,PESCADERO,CA,94060-0726,TKREF,SS BALE GRAZE,C2-S,10/05/2022,10/07/2022,0,8,All Other Crops,5.5,5.7,0.13,NONE,2,6.4,0.7,2,,7.5,298,9.9,6.05,309.3,19.3,1.01,825,381,72,,21.6,61,4,19,15,1,,,,,,,,,,,,,,,,,,,,,,,,,,,,,,,,,,,,,,,,,,,,,,,,,,,,,,,,,,,,,,,,,,,,,3.501,,,,,,,,,,,,,,,,,,,,,,,,,,,,,,,,,,,,,,,,,,,,,,,,,,,,,,,,,,,,,,,,,,,,,,,,,,,,,,,,,,,,,,,,,,,,,,,,,,,,,,,,,,,,,,,,,,,,,,,,,,,,,,,,,,,,,,,,
S,611357,25189,,TOMKAT RANCH EDUCATIONAL FOUND,PO BOX 726,,PESCADERO,CA,94060-0726,TKREF,SS BALE GRAZE,C3-C,10/05/2022,10/07/2022,0,8,All Other Crops,5.5,5.8,0.11,NONE,2,5.4,1.2,3,,8.5,354,9.4,2.57,215.2,31.6,1.09,799,341,63,,19.8,60,5,20,14,1,,,,,,,,,,,,,,,,,,,,,,,,,,,,,,,,,,,,,,,,,,,,,,,,,,,,,,,,,,,,,,,,,,,,,3.107,,,,,,,,,,,,,,,,,,,,,,,,,,,,,,,,,,,,,,,,,,,,,,,,,,,,,,,,,,,,,,,,,,,,,,,,,,,,,,,,,,,,,,,,,,,,,,,,,,,,,,,,,,,,,,,,,,,,,,,,,,,,,,,,,,,,,,,,
S,611358,25189,,TOMKAT RANCH EDUCATIONAL FOUND,PO BOX 726,,PESCADERO,CA,94060-0726,TKREF,SS BALE GRAZE,C3-I,10/05/2022,10/07/2022,0,8,All Other Crops,5.5,5.8,0.15,NONE,2,5.9,1.6,4,,9.3,437,9.4,2.57,269.6,33.1,0.83,755,340,66,,20.4,61,5,18,14,1,,,,,,,,,,,,,,,,,,,,,,,,,,,,,,,,,,,,,,,,,,,,,,,,,,,,,,,,,,,,,,,,,,,,,3.292,,,,,,,,,,,,,,,,,,,,,,,,,,,,,,,,,,,,,,,,,,,,,,,,,,,,,,,,,,,,,,,,,,,,,,,,,,,,,,,,,,,,,,,,,,,,,,,,,,,,,,,,,,,,,,,,,,,,,,,,,,,,,,,,,,,,,,,,
S,611359,25189,,TOMKAT RANCH EDUCATIONAL FOUND,PO BOX 726,,PESCADERO,CA,94060-0726,TKREF,SS BALE GRAZE,C3-S,10/05/2022,10/07/2022,0,8,All Other Crops,5.6,5.8,0.14,NONE,2,5.9,1.9,5,,7.5,294,8.3,2.87,282,24.4,1.07,865,416,73,,21.2,58,4,20,16,1,,,,,,,,,,,,,,,,,,,,,,,,,,,,,,,,,,,,,,,,,,,,,,,,,,,,,,,,,,,,,,,,,,,,,2.973,,,,,,,,,,,,,,,,,,,,,,,,,,,,,,,,,,,,,,,,,,,,,,,,,,,,,,,,,,,,,,,,,,,,,,,,,,,,,,,,,,,,,,,,,,,,,,,,,,,,,,,,,,,,,,,,,,,,,,,,,,,,,,,,,,,,,,,,
S,611360,25189,,TOMKAT RANCH EDUCATIONAL FOUND,PO BOX 726,,PESCADERO,CA,94060-0726,TKREF,SS BALE GRAZE,C4-C,10/05/2022,10/07/2022,0,8,All Other Crops,5.6,6,0.1,NONE,2,5.2,1.2,3,,7.5,257,8.9,2.04,264.4,27.3,0.93,751,362,70,,17.5,56,4,21,17,2,,,,,,,,,,,,,,,,,,,,,,,,,,,,,,,,,,,,,,,,,,,,,,,,,,,,,,,,,,,,,,,,,,,,,2.88,,,,,,,,,,,,,,,,,,,,,,,,,,,,,,,,,,,,,,,,,,,,,,,,,,,,,,,,,,,,,,,,,,,,,,,,,,,,,,,,,,,,,,,,,,,,,,,,,,,,,,,,,,,,,,,,,,,,,,,,,,,,,,,,,,,,,,,,
S,611361,25189,,TOMKAT RANCH EDUCATIONAL FOUND,PO BOX 726,,PESCADERO,CA,94060-0726,TKREF,SS BALE GRAZE,C4-I,10/05/2022,10/07/2022,0,8,All Other Crops,5.6,5.9,0.06,NONE,2,5.4,1.9,4,,7.1,245,8.6,2.1,271,25.6,1.08,777,387,58,,19.2,58,3,20,17,1,,,,,,,,,,,,,,,,,,,,,,,,,,,,,,,,,,,,,,,,,,,,,,,,,,,,,,,,,,,,,,,,,,,,,3.158,,,,,,,,,,,,,,,,,,,,,,,,,,,,,,,,,,,,,,,,,,,,,,,,,,,,,,,,,,,,,,,,,,,,,,,,,,,,,,,,,,,,,,,,,,,,,,,,,,,,,,,,,,,,,,,,,,,,,,,,,,,,,,,,,,,,,,,,
S,611362,25189,,TOMKAT RANCH EDUCATIONAL FOUND,PO BOX 726,,PESCADERO,CA,94060-0726,TKREF,SS BALE GRAZE,C4-S,10/05/2022,10/07/2022,0,8,All Other Crops,5.6,5.9,0.09,NONE,2,6.6,4.3,10,,8.4,308,9.6,2.37,258.3,25.8,0.93,782,374,64,,19.5,58,4,20,16,1,,,,,,,,,,,,,,,,,,,,,,,,,,,,,,,,,,,,,,,,,,,,,,,,,,,,,,,,,,,,,,,,,,,,,3.291,,,,,,,,,,,,,,,,,,,,,,,,,,,,,,,,,,,,,,,,,,,,,,,,,,,,,,,,,,,,,,,,,,,,,,,,,,,,,,,,,,,,,,,,,,,,,,,,,,,,,,,,,,,,,,,,,,,,,,,,,,,,,,,,,,,,,,,,
S,611363,25189,,TOMKAT RANCH EDUCATIONAL FOUND,PO BOX 726,,PESCADERO,CA,94060-0726,TKREF,SS BALE GRAZE,C5-C,10/05/2022,10/07/2022,0,8,All Other Crops,5.4,5.9,0.21,NONE,2,6.2,2,5,,8,457,14.1,2.25,170.4,42,0.97,841,417,101,,20.2,54,6,21,17,2,,,,,,,,,,,,,,,,,,,,,,,,,,,,,,,,,,,,,,,,,,,,,,,,,,,,,,,,,,,,,,,,,,,,,3.083,,,,,,,,,,,,,,,,,,,,,,,,,,,,,,,,,,,,,,,,,,,,,,,,,,,,,,,,,,,,,,,,,,,,,,,,,,,,,,,,,,,,,,,,,,,,,,,,,,,,,,,,,,,,,,,,,,,,,,,,,,,,,,,,,,,,,,,,
S,611364,25189,,TOMKAT RANCH EDUCATIONAL FOUND,PO BOX 726,,PESCADERO,CA,94060-0726,TKREF,SS BALE GRAZE,C5-I,10/05/2022,10/07/2022,0,8,All Other Crops,5.7,6,0.09,NONE,2,5.3,2.6,6,,8.2,317,9.3,2.09,149.5,22.2,0.96,889,474,65,,19.6,52,4,23,20,1,,,,,,,,,,,,,,,,,,,,,,,,,,,,,,,,,,,,,,,,,,,,,,,,,,,,,,,,,,,,,,,,,,,,,2.699,,,,,,,,,,,,,,,,,,,,,,,,,,,,,,,,,,,,,,,,,,,,,,,,,,,,,,,,,,,,,,,,,,,,,,,,,,,,,,,,,,,,,,,,,,,,,,,,,,,,,,,,,,,,,,,,,,,,,,,,,,,,,,,,,,,,,,,,
S,611365,25189,,TOMKAT RANCH EDUCATIONAL FOUND,PO BOX 726,,PESCADERO,CA,94060-0726,TKREF,SS BALE GRAZE,C5-S,10/05/2022,10/07/2022,0,8,All Other Crops,5.6,5.8,0.09,NONE,2,4.9,1.7,4,,9.1,274,10.4,1.94,183.2,21.5,0.87,835,443,67,,20.4,56,3,21,18,1,,,,,,,,,,,,,,,,,,,,,,,,,,,,,,,,,,,,,,,,,,,,,,,,,,,,,,,,,,,,,,,,,,,,,2.642,,,,,,,,,,,,,,,,,,,,,,,,,,,,,,,,,,,,,,,,,,,,,,,,,,,,,,,,,,,,,,,,,,,,,,,,,,,,,,,,,,,,,,,,,,,,,,,,,,,,,,,,,,,,,,,,,,,,,,,,,,,,,,,,,,,,,,,,
S,611336,25189,,TOMKAT RANCH EDUCATIONAL FOUND,PO BOX 726,,PESCADERO,CA,94060-0726,TKREF,SS BALE GRAZE,T1-C,10/05/2022,10/07/2022,0,8,All Other Crops,5.7,5.7,0.19,NONE,2,6.7,1.4,3,,7.8,304,10.9,2.71,269.6,14,0.9,845,401,63,,22,61,4,19,15,1,,,,,,,,,,,,,,,,,,,,,,,,,,,,,,,,,,,,,,,,,,,,,,,,,,,,,,,,,,,,,,,,,,,,,3.647,,,,,,,,,,,,,,,,,,,,,,,,,,,,,,,,,,,,,,,,,,,,,,,,,,,,,,,,,,,,,,,,,,,,,,,,,,,,,,,,,,,,,,,,,,,,,,,,,,,,,,,,,,,,,,,,,,,,,,,,,,,,,,,,,,,,,,,,
S,611337,25189,,TOMKAT RANCH EDUCATIONAL FOUND,PO BOX 726,,PESCADERO,CA,94060-0726,TKREF,SS BALE GRAZE,T1-I,10/05/2022,10/07/2022,0,8,All Other Crops,5.7,5.7,0.19,NONE,2,6.3,1.8,4,,8.5,278,9.7,2.07,250.9,11.7,0.88,873,420,78,,22.1,60,3,19,16,2,,,,,,,,,,,,,,,,,,,,,,,,,,,,,,,,,,,,,,,,,,,,,,,,,,,,,,,,,,,,,,,,,,,,,3.402,,,,,,,,,,,,,,,,,,,,,,,,,,,,,,,,,,,,,,,,,,,,,,,,,,,,,,,,,,,,,,,,,,,,,,,,,,,,,,,,,,,,,,,,,,,,,,,,,,,,,,,,,,,,,,,,,,,,,,,,,,,,,,,,,,,,,,,,
S,611338,25189,,TOMKAT RANCH EDUCATIONAL FOUND,PO BOX 726,,PESCADERO,CA,94060-0726,TKREF,SS BALE GRAZE,T1-S,10/05/2022,10/07/2022,0,8,All Other Crops,5.7,5.8,0.2,NONE,2,6.6,2.1,5,,9.1,366,10.2,2.85,200.1,13.4,0.69,938,455,74,,21.3,54,4,22,18,2,,,,,,,,,,,,,,,,,,,,,,,,,,,,,,,,,,,,,,,,,,,,,,,,,,,,,,,,,,,,,,,,,,,,,3.875,,,,,,,,,,,,,,,,,,,,,,,,,,,,,,,,,,,,,,,,,,,,,,,,,,,,,,,,,,,,,,,,,,,,,,,,,,,,,,,,,,,,,,,,,,,,,,,,,,,,,,,,,,,,,,,,,,,,,,,,,,,,,,,,,,,,,,,,
S,611339,25189,,TOMKAT RANCH EDUCATIONAL FOUND,PO BOX 726,,PESCADERO,CA,94060-0726,TKREF,SS BALE GRAZE,T2-C,10/05/2022,10/07/2022,0,8,All Other Crops,5.7,5.7,0.17,NONE,2,6.4,2.2,5,,7.8,310,10.3,2.57,324.2,16.2,0.85,878,403,73,,22.1,60,4,20,15,1,,,,,,,,,,,,,,,,,,,,,,,,,,,,,,,,,,,,,,,,,,,,,,,,,,,,,,,,,,,,,,,,,,,,,3.557,,,,,,,,,,,,,,,,,,,,,,,,,,,,,,,,,,,,,,,,,,,,,,,,,,,,,,,,,,,,,,,,,,,,,,,,,,,,,,,,,,,,,,,,,,,,,,,,,,,,,,,,,,,,,,,,,,,,,,,,,,,,,,,,,,,,,,,,
S,611340,25189,,TOMKAT RANCH EDUCATIONAL FOUND,PO BOX 726,,PESCADERO,CA,94060-0726,TKREF,SS BALE GRAZE,T2-I,10/05/2022,10/07/2022,0,8,All Other Crops,5.5,5.8,0.24,NONE,2,5.8,4,10,,7.7,323,14.6,2.04,271.5,21.9,0.86,757,329,56,,20,62,4,19,14,1,,,,,,,,,,,,,,,,,,,,,,,,,,,,,,,,,,,,,,,,,,,,,,,,,,,,,,,,,,,,,,,,,,,,,3.24,,,,,,,,,,,,,,,,,,,,,,,,,,,,,,,,,,,,,,,,,,,,,,,,,,,,,,,,,,,,,,,,,,,,,,,,,,,,,,,,,,,,,,,,,,,,,,,,,,,,,,,,,,,,,,,,,,,,,,,,,,,,,,,,,,,,,,,,
S,611341,25189,,TOMKAT RANCH EDUCATIONAL FOUND,PO BOX 726,,PESCADERO,CA,94060-0726,TKREF,SS BALE GRAZE,T2-S,10/05/2022,10/07/2022,0,8,All Other Crops,5.4,5.6,0.19,NONE,2,5.9,1.8,4,,7.7,303,11.6,2.32,220.9,18.8,0.73,744,320,58,,21.9,66,4,17,12,1,,,,,,,,,,,,,,,,,,,,,,,,,,,,,,,,,,,,,,,,,,,,,,,,,,,,,,,,,,,,,,,,,,,,,3.685,,,,,,,,,,,,,,,,,,,,,,,,,,,,,,,,,,,,,,,,,,,,,,,,,,,,,,,,,,,,,,,,,,,,,,,,,,,,,,,,,,,,,,,,,,,,,,,,,,,,,,,,,,,,,,,,,,,,,,,,,,,,,,,,,,,,,,,,
S,611342,25189,,TOMKAT RANCH EDUCATIONAL FOUND,PO BOX 726,,PESCADERO,CA,94060-0726,TKREF,SS BALE GRAZE,T3-C,10/05/2022,10/07/2022,0,8,All Other Crops,5.6,5.8,0.2,NONE,2,6,1.2,3,,7.3,242,8.9,2.19,265.3,17.9,0.8,765,400,74,,20.1,60,3,18,17,2,,,,,,,,,,,,,,,,,,,,,,,,,,,,,,,,,,,,,,,,,,,,,,,,,,,,,,,,,,,,,,,,,,,,,3.16,,,,,,,,,,,,,,,,,,,,,,,,,,,,,,,,,,,,,,,,,,,,,,,,,,,,,,,,,,,,,,,,,,,,,,,,,,,,,,,,,,,,,,,,,,,,,,,,,,,,,,,,,,,,,,,,,,,,,,,,,,,,,,,,,,,,,,,,
S,611343,25189,,TOMKAT RANCH EDUCATIONAL FOUND,PO BOX 726,,PESCADERO,CA,94060-0726,TKREF,SS BALE GRAZE,T3-I,10/05/2022,10/07/2022,0,8,All Other Crops,5.6,6,0.16,NONE,2,5.7,2.7,6,,6.9,284,8.8,2.45,288.7,19.8,0.9,852,384,76,,18.3,54,4,23,17,2,,,,,,,,,,,,,,,,,,,,,,,,,,,,,,,,,,,,,,,,,,,,,,,,,,,,,,,,,,,,,,,,,,,,,3.241,,,,,,,,,,,,,,,,,,,,,,,,,,,,,,,,,,,,,,,,,,,,,,,,,,,,,,,,,,,,,,,,,,,,,,,,,,,,,,,,,,,,,,,,,,,,,,,,,,,,,,,,,,,,,,,,,,,,,,,,,,,,,,,,,,,,,,,,
S,611344,25189,,TOMKAT RANCH EDUCATIONAL FOUND,PO BOX 726,,PESCADERO,CA,94060-0726,TKREF,SS BALE GRAZE,T3-S,10/05/2022,10/07/2022,0,8,All Other Crops,5.5,6,0.2,NONE,2,6,4.9,12,,8.3,336,13.2,2.76,312.9,35.7,0.99,868,366,70,,18.4,53,5,23,17,2,,,,,,,,,,,,,,,,,,,,,,,,,,,,,,,,,,,,,,,,,,,,,,,,,,,,,,,,,,,,,,,,,,,,,3.151,,,,,,,,,,,,,,,,,,,,,,,,,,,,,,,,,,,,,,,,,,,,,,,,,,,,,,,,,,,,,,,,,,,,,,,,,,,,,,,,,,,,,,,,,,,,,,,,,,,,,,,,,,,,,,,,,,,,,,,,,,,,,,,,,,,,,,,,
S,611345,25189,,TOMKAT RANCH EDUCATIONAL FOUND,PO BOX 726,,PESCADERO,CA,94060-0726,TKREF,SS BALE GRAZE,T4-C,10/05/2022,10/07/2022,0,8,All Other Crops,5.6,5.9,0.16,NONE,2,5.4,3.1,7,,6.9,352,8.6,2.03,249.7,26.2,0.85,862,355,66,,19.5,57,5,22,15,1,,,,,,,,,,,,,,,,,,,,,,,,,,,,,,,,,,,,,,,,,,,,,,,,,,,,,,,,,,,,,,,,,,,,,2.931,,,,,,,,,,,,,,,,,,,,,,,,,,,,,,,,,,,,,,,,,,,,,,,,,,,,,,,,,,,,,,,,,,,,,,,,,,,,,,,,,,,,,,,,,,,,,,,,,,,,,,,,,,,,,,,,,,,,,,,,,,,,,,,,,,,,,,,,
S,611346,25189,,TOMKAT RANCH EDUCATIONAL FOUND,PO BOX 726,,PESCADERO,CA,94060-0726,TKREF,SS BALE GRAZE,T4-I,10/05/2022,10/07/2022,0,8,All Other Crops,5.7,6,0.16,NONE,2,5.5,0.8,2,,6.4,256,8.1,1.84,262.2,24.5,0.85,815,334,65,,18,57,4,22,15,2,,,,,,,,,,,,,,,,,,,,,,,,,,,,,,,,,,,,,,,,,,,,,,,,,,,,,,,,,,,,,,,,,,,,,3.069,,,,,,,,,,,,,,,,,,,,,,,,,,,,,,,,,,,,,,,,,,,,,,,,,,,,,,,,,,,,,,,,,,,,,,,,,,,,,,,,,,,,,,,,,,,,,,,,,,,,,,,,,,,,,,,,,,,,,,,,,,,,,,,,,,,,,,,,
S,611347,25189,,TOMKAT RANCH EDUCATIONAL FOUND,PO BOX 726,,PESCADERO,CA,94060-0726,TKREF,SS BALE GRAZE,T4-S,10/05/2022,10/07/2022,0,8,All Other Crops,5.7,6.1,0.15,NONE,2,5.1,1.3,3,,7.2,245,7.2,1.92,257.6,23.7,1.03,802,347,60,,16.9,54,4,23,17,2,,,,,,,,,,,,,,,,,,,,,,,,,,,,,,,,,,,,,,,,,,,,,,,,,,,,,,,,,,,,,,,,,,,,,2.896,,,,,,,,,,,,,,,,,,,,,,,,,,,,,,,,,,,,,,,,,,,,,,,,,,,,,,,,,,,,,,,,,,,,,,,,,,,,,,,,,,,,,,,,,,,,,,,,,,,,,,,,,,,,,,,,,,,,,,,,,,,,,,,,,,,,,,,,
S,611348,25189,,TOMKAT RANCH EDUCATIONAL FOUND,PO BOX 726,,PESCADERO,CA,94060-0726,TKREF,SS BALE GRAZE,T5-C,10/05/2022,10/07/2022,0,8,All Other Crops,5.5,6.2,0.16,NONE,2,5,1.4,3,,7.2,240,7.5,1.8,222.7,34.7,0.76,818,382,62,,16.4,50,4,25,19,2,,,,,,,,,,,,,,,,,,,,,,,,,,,,,,,,,,,,,,,,,,,,,,,,,,,,,,,,,,,,,,,,,,,,,2.577,,,,,,,,,,,,,,,,,,,,,,,,,,,,,,,,,,,,,,,,,,,,,,,,,,,,,,,,,,,,,,,,,,,,,,,,,,,,,,,,,,,,,,,,,,,,,,,,,,,,,,,,,,,,,,,,,,,,,,,,,,,,,,,,,,,,,,,,
S,611349,25189,,TOMKAT RANCH EDUCATIONAL FOUND,PO BOX 726,,PESCADERO,CA,94060-0726,TKREF,SS BALE GRAZE,T5-I,10/05/2022,10/07/2022,0,8,All Other Crops,5.7,6.2,0.15,NONE,2,5,1.3,3,,6.4,239,7,2.56,215.4,27.1,1.13,902,405,78,,17.1,48,4,26,20,2,,,,,,,,,,,,,,,,,,,,,,,,,,,,,,,,,,,,,,,,,,,,,,,,,,,,,,,,,,,,,,,,,,,,,2.793,,,,,,,,,,,,,,,,,,,,,,,,,,,,,,,,,,,,,,,,,,,,,,,,,,,,,,,,,,,,,,,,,,,,,,,,,,,,,,,,,,,,,,,,,,,,,,,,,,,,,,,,,,,,,,,,,,,,,,,,,,,,,,,,,,,,,,,,
S,611350,25189,,TOMKAT RANCH EDUCATIONAL FOUND,PO BOX 726,,PESCADERO,CA,94060-0726,TKREF,SS BALE GRAZE,T5-S,10/05/2022,10/07/2022,0,8,All Other Crops,5.6,6.1,0.15,NONE,2,4.5,0.9,2,,6.6,210,8.1,1.89,204.8,26.6,1.06,780,358,64,,16.7,54,3,23,18,2,,,,,,,,,,,,,,,,,,,,,,,,,,,,,,,,,,,,,,,,,,,,,,,,,,,,,,,,,,,,,,,,,,,,,2.571,,,,,,,,,,,,,,,,,,,,,,,,,,,,,,,,,,,,,,,,,,,,,,,,,,,,,,,,,,,,,,,,,,,,,,,,,,,,,,,,,,,,,,,,,,,,,,,,,,,,,,,,,,,,,,,,,,,,,,,,,,,,,,,,,,,,,,,,
S,607773,25189,,TOMKAT RANCH EDUCATIONAL FOUND,PO BOX 726,,PESCADERO,CA,94060-0726,TKR,SS BALE GRAZE,C1-C,06/08/2023,06/12/2023,0,8,All Other Crops,5.4,5.8,0.17,NONE,2,6,1.1,3,,6.6,219,10,2.25,280.4,47.9,0.96,754,355,46,0.74,19.5,62,3,19,15,1,,,,,,,,,,,,,,,,,,,,,,,,,,,,,,,,,,,,,,,,,,,,,,,,,,,,,,,,,,,,,,,,,,,,,3.138,,,,,,,,,,,,,,,,,,,,,,,,,,,,,,,,,,,,,,,,,,,,,,,,,,,,,,,,,,,,,,,,,,,,,,,,,,,,,,,,,,,,,,,,,,,,,,,,,,,,,,,,,,,,,,,,,,,,,,,,,,,,,,,,,,,,,,,,
S,607774,25189,,TOMKAT RANCH EDUCATIONAL FOUND,PO BOX 726,,PESCADERO,CA,94060-0726,TKR,SS BALE GRAZE,C1-I,06/08/2023,06/12/2023,0,8,All Other Crops,5.6,5.7,0.17,NONE,2,5.8,0.6,1,,7,249,8.3,1.78,337.6,15.1,1.47,754,406,66,0.46,20.8,61,3,18,16,1,,,,,,,,,,,,,,,,,,,,,,,,,,,,,,,,,,,,,,,,,,,,,,,,,,,,,,,,,,,,,,,,,,,,,3.152,,,,,,,,,,,,,,,,,,,,,,,,,,,,,,,,,,,,,,,,,,,,,,,,,,,,,,,,,,,,,,,,,,,,,,,,,,,,,,,,,,,,,,,,,,,,,,,,,,,,,,,,,,,,,,,,,,,,,,,,,,,,,,,,,,,,,,,,
S,607775,25189,,TOMKAT RANCH EDUCATIONAL FOUND,PO BOX 726,,PESCADERO,CA,94060-0726,TKR,SS BALE GRAZE,C1-S,06/08/2023,06/12/2023,0,8,All Other Crops,5.6,5.8,0.16,NONE,2,6.7,1.1,3,,7.7,360,9.4,2.55,240.3,17.9,0.9,843,444,69,0.58,20.6,56,4,20,18,1,,,,,,,,,,,,,,,,,,,,,,,,,,,,,,,,,,,,,,,,,,,,,,,,,,,,,,,,,,,,,,,,,,,,,4.162,,,,,,,,,,,,,,,,,,,,,,,,,,,,,,,,,,,,,,,,,,,,,,,,,,,,,,,,,,,,,,,,,,,,,,,,,,,,,,,,,,,,,,,,,,,,,,,,,,,,,,,,,,,,,,,,,,,,,,,,,,,,,,,,,,,,,,,,
S,607776,25189,,TOMKAT RANCH EDUCATIONAL FOUND,PO BOX 726,,PESCADERO,CA,94060-0726,TKR,SS BALE GRAZE,C2-C,06/08/2023,06/12/2023,0,8,All Other Crops,5.6,5.8,0.16,NONE,2,5.9,0.7,2,,7.5,290,9.6,2.09,380.9,20.6,0.7,736,344,53,0.48,19,60,4,19,15,1,,,,,,,,,,,,,,,,,,,,,,,,,,,,,,,,,,,,,,,,,,,,,,,,,,,,,,,,,,,,,,,,,,,,,3.159,,,,,,,,,,,,,,,,,,,,,,,,,,,,,,,,,,,,,,,,,,,,,,,,,,,,,,,,,,,,,,,,,,,,,,,,,,,,,,,,,,,,,,,,,,,,,,,,,,,,,,,,,,,,,,,,,,,,,,,,,,,,,,,,,,,,,,,,
S,607777,25189,,TOMKAT RANCH EDUCATIONAL FOUND,PO BOX 726,,PESCADERO,CA,94060-0726,TKR,SS BALE GRAZE,C2-I,06/08/2023,06/12/2023,0,8,All Other Crops,5.5,5.9,0.16,NONE,2,6,< 0.1,0,,7.1,314,8.6,2.96,280.7,22.1,1.16,880,410,61,0.53,20.1,56,4,22,17,1,,,,,,,,,,,,,,,,,,,,,,,,,,,,,,,,,,,,,,,,,,,,,,,,,,,,,,,,,,,,,,,,,,,,,3.314,,,,,,,,,,,,,,,,,,,,,,,,,,,,,,,,,,,,,,,,,,,,,,,,,,,,,,,,,,,,,,,,,,,,,,,,,,,,,,,,,,,,,,,,,,,,,,,,,,,,,,,,,,,,,,,,,,,,,,,,,,,,,,,,,,,,,,,,
S,607778,25189,,TOMKAT RANCH EDUCATIONAL FOUND,PO BOX 726,,PESCADERO,CA,94060-0726,TKR,SS BALE GRAZE,C2-S,06/08/2023,06/12/2023,0,8,All Other Crops,5.4,5.7,0.16,NONE,2,5.8,0.4,1,,7.2,244,10,2.96,317,23.6,1.03,738,346,59,0.44,20.1,63,3,18,14,1,,,,,,,,,,,,,,,,,,,,,,,,,,,,,,,,,,,,,,,,,,,,,,,,,,,,,,,,,,,,,,,,,,,,,3.211,,,,,,,,,,,,,,,,,,,,,,,,,,,,,,,,,,,,,,,,,,,,,,,,,,,,,,,,,,,,,,,,,,,,,,,,,,,,,,,,,,,,,,,,,,,,,,,,,,,,,,,,,,,,,,,,,,,,,,,,,,,,,,,,,,,,,,,,
S,607779,25189,,TOMKAT RANCH EDUCATIONAL FOUND,PO BOX 726,,PESCADERO,CA,94060-0726,TKR,SS BALE GRAZE,C3-C,06/08/2023,06/12/2023,0,8,All Other Crops,5.6,6,0.17,NONE,2,6.3,1,2,,7.3,456,8.9,2.63,191.9,27,1.02,953,460,61,0.5,20.2,50,6,24,19,1,,,,,,,,,,,,,,,,,,,,,,,,,,,,,,,,,,,,,,,,,,,,,,,,,,,,,,,,,,,,,,,,,,,,,3.323,,,,,,,,,,,,,,,,,,,,,,,,,,,,,,,,,,,,,,,,,,,,,,,,,,,,,,,,,,,,,,,,,,,,,,,,,,,,,,,,,,,,,,,,,,,,,,,,,,,,,,,,,,,,,,,,,,,,,,,,,,,,,,,,,,,,,,,,
S,607780,25189,,TOMKAT RANCH EDUCATIONAL FOUND,PO BOX 726,,PESCADERO,CA,94060-0726,TKR,SS BALE GRAZE,C3-I,06/08/2023,06/12/2023,0,8,All Other Crops,5.6,6,0.15,NONE,2,5.5,1,2,,7,393,9,2.2,232.6,26.8,0.88,875,386,56,0.46,19.2,54,5,23,17,1,,,,,,,,,,,,,,,,,,,,,,,,,,,,,,,,,,,,,,,,,,,,,,,,,,,,,,,,,,,,,,,,,,,,,2.632,,,,,,,,,,,,,,,,,,,,,,,,,,,,,,,,,,,,,,,,,,,,,,,,,,,,,,,,,,,,,,,,,,,,,,,,,,,,,,,,,,,,,,,,,,,,,,,,,,,,,,,,,,,,,,,,,,,,,,,,,,,,,,,,,,,,,,,,
S,607781,25189,,TOMKAT RANCH EDUCATIONAL FOUND,PO BOX 726,,PESCADERO,CA,94060-0726,TKR,SS BALE GRAZE,C3-S,06/08/2023,06/12/2023,0,8,All Other Crops,5.6,5.9,0.16,NONE,2,5.4,< 0.1,0,,6.4,410,10.5,2.16,232.2,24.5,0.86,894,418,59,0.54,20.1,54,5,22,17,1,,,,,,,,,,,,,,,,,,,,,,,,,,,,,,,,,,,,,,,,,,,,,,,,,,,,,,,,,,,,,,,,,,,,,3.02,,,,,,,,,,,,,,,,,,,,,,,,,,,,,,,,,,,,,,,,,,,,,,,,,,,,,,,,,,,,,,,,,,,,,,,,,,,,,,,,,,,,,,,,,,,,,,,,,,,,,,,,,,,,,,,,,,,,,,,,,,,,,,,,,,,,,,,,
S,607782,25189,,TOMKAT RANCH EDUCATIONAL FOUND,PO BOX 726,,PESCADERO,CA,94060-0726,TKR,SS BALE GRAZE,C4-C,06/08/2023,06/12/2023,0,8,All Other Crops,5.6,5.9,0.15,NONE,2,5.1,0.1,0,,6.3,357,8.4,1.56,223.1,28.1,1.09,965,437,64,0.46,20.7,53,4,23,18,1,,,,,,,,,,,,,,,,,,,,,,,,,,,,,,,,,,,,,,,,,,,,,,,,,,,,,,,,,,,,,,,,,,,,,2.67,,,,,,,,,,,,,,,,,,,,,,,,,,,,,,,,,,,,,,,,,,,,,,,,,,,,,,,,,,,,,,,,,,,,,,,,,,,,,,,,,,,,,,,,,,,,,,,,,,,,,,,,,,,,,,,,,,,,,,,,,,,,,,,,,,,,,,,,
S,607783,25189,,TOMKAT RANCH EDUCATIONAL FOUND,PO BOX 726,,PESCADERO,CA,94060-0726,TKR,SS BALE GRAZE,C4-I,06/08/2023,06/12/2023,0,8,All Other Crops,5.5,5.9,0.14,NONE,2,5.2,0.3,1,,6.7,221,8.3,1.72,265.5,24.9,1.02,836,434,57,0.38,19.6,56,3,21,18,1,,,,,,,,,,,,,,,,,,,,,,,,,,,,,,,,,,,,,,,,,,,,,,,,,,,,,,,,,,,,,,,,,,,,,2.717,,,,,,,,,,,,,,,,,,,,,,,,,,,,,,,,,,,,,,,,,,,,,,,,,,,,,,,,,,,,,,,,,,,,,,,,,,,,,,,,,,,,,,,,,,,,,,,,,,,,,,,,,,,,,,,,,,,,,,,,,,,,,,,,,,,,,,,,
S,607784,25189,,TOMKAT RANCH EDUCATIONAL FOUND,PO BOX 726,,PESCADERO,CA,94060-0726,TKR,SS BALE GRAZE,C4-S,06/08/2023,06/12/2023,0,8,All Other Crops,5.6,5.9,0.15,NONE,2,5.1,< 0.1,0,,6.7,299,6.9,1.66,247.5,22.8,0.85,826,424,55,0.39,19.5,55,4,21,18,1,,,,,,,,,,,,,,,,,,,,,,,,,,,,,,,,,,,,,,,,,,,,,,,,,,,,,,,,,,,,,,,,,,,,,2.852,,,,,,,,,,,,,,,,,,,,,,,,,,,,,,,,,,,,,,,,,,,,,,,,,,,,,,,,,,,,,,,,,,,,,,,,,,,,,,,,,,,,,,,,,,,,,,,,,,,,,,,,,,,,,,,,,,,,,,,,,,,,,,,,,,,,,,,,
S,607785,25189,,TOMKAT RANCH EDUCATIONAL FOUND,PO BOX 726,,PESCADERO,CA,94060-0726,TKR,SS BALE GRAZE,C5-C,06/08/2023,06/12/2023,0,8,All Other Crops,5.7,6.1,0.14,NONE,2,5.2,0.2,1,,7.6,385,10.4,1.63,141.1,27.7,1.05,906,437,56,0.44,18.9,50,5,24,19,1,,,,,,,,,,,,,,,,,,,,,,,,,,,,,,,,,,,,,,,,,,,,,,,,,,,,,,,,,,,,,,,,,,,,,2.544,,,,,,,,,,,,,,,,,,,,,,,,,,,,,,,,,,,,,,,,,,,,,,,,,,,,,,,,,,,,,,,,,,,,,,,,,,,,,,,,,,,,,,,,,,,,,,,,,,,,,,,,,,,,,,,,,,,,,,,,,,,,,,,,,,,,,,,,
S,607786,25189,,TOMKAT RANCH EDUCATIONAL FOUND,PO BOX 726,,PESCADERO,CA,94060-0726,TKR,SS BALE GRAZE,C5-I,06/08/2023,06/12/2023,0,8,All Other Crops,5.6,5.9,0.14,NONE,2,5,0.2,1,,6.5,289,9.4,1.48,149,25.6,0.91,795,423,55,0.42,19.1,56,4,21,18,1,,,,,,,,,,,,,,,,,,,,,,,,,,,,,,,,,,,,,,,,,,,,,,,,,,,,,,,,,,,,,,,,,,,,,2.565,,,,,,,,,,,,,,,,,,,,,,,,,,,,,,,,,,,,,,,,,,,,,,,,,,,,,,,,,,,,,,,,,,,,,,,,,,,,,,,,,,,,,,,,,,,,,,,,,,,,,,,,,,,,,,,,,,,,,,,,,,,,,,,,,,,,,,,,
S,607787,25189,,TOMKAT RANCH EDUCATIONAL FOUND,PO BOX 726,,PESCADERO,CA,94060-0726,TKR,SS BALE GRAZE,C5-S,06/08/2023,06/12/2023,0,8,All Other Crops,5.6,6,0.15,NONE,2,4.9,0.4,1,,6.2,221,6.8,1.3,183.7,20.3,0.79,792,429,69,0.43,18.2,54,3,21,20,2,,,,,,,,,,,,,,,,,,,,,,,,,,,,,,,,,,,,,,,,,,,,,,,,,,,,,,,,,,,,,,,,,,,,,2.257,,,,,,,,,,,,,,,,,,,,,,,,,,,,,,,,,,,,,,,,,,,,,,,,,,,,,,,,,,,,,,,,,,,,,,,,,,,,,,,,,,,,,,,,,,,,,,,,,,,,,,,,,,,,,,,,,,,,,,,,,,,,,,,,,,,,,,,,
S,607788,25189,,TOMKAT RANCH EDUCATIONAL FOUND,PO BOX 726,,PESCADERO,CA,94060-0726,TKR,SS BALE GRAZE,T1-C,06/08/2023,06/12/2023,0,8,All Other Crops,5.6,5.7,0.15,NONE,2,6.6,0.2,0,,7.3,539,11.8,2.05,247.7,14.1,0.74,1002,494,66,0.84,23.8,55,6,21,17,1,,,,,,,,,,,,,,,,,,,,,,,,,,,,,,,,,,,,,,,,,,,,,,,,,,,,,,,,,,,,,,,,,,,,,3.301,,,,,,,,,,,,,,,,,,,,,,,,,,,,,,,,,,,,,,,,,,,,,,,,,,,,,,,,,,,,,,,,,,,,,,,,,,,,,,,,,,,,,,,,,,,,,,,,,,,,,,,,,,,,,,,,,,,,,,,,,,,,,,,,,,,,,,,,
S,607790,25189,,TOMKAT RANCH EDUCATIONAL FOUND,PO BOX 726,,PESCADERO,CA,94060-0726,TKR,SS BALE GRAZE,T1-C,06/08/2023,06/12/2023,0,8,All Other Crops,5.7,5.7,0.17,NONE,2,6.4,0.6,2,,8.3,555,12,1.86,207,14.9,0.76,979,469,75,0.9,23.3,55,6,21,17,1,,,,,,,,,,,,,,,,,,,,,,,,,,,,,,,,,,,,,,,,,,,,,,,,,,,,,,,,,,,,,,,,,,,,,3.623,,,,,,,,,,,,,,,,,,,,,,,,,,,,,,,,,,,,,,,,,,,,,,,,,,,,,,,,,,,,,,,,,,,,,,,,,,,,,,,,,,,,,,,,,,,,,,,,,,,,,,,,,,,,,,,,,,,,,,,,,,,,,,,,,,,,,,,,
S,607789,25189,,TOMKAT RANCH EDUCATIONAL FOUND,PO BOX 726,,PESCADERO,CA,94060-0726,TKR,SS BALE GRAZE,T1-I,06/08/2023,06/12/2023,0,8,All Other Crops,5.6,5.7,0.17,NONE,2,6.7,1.2,3,,10.6,467,10.9,2.06,237.6,17.2,0.78,823,440,64,1.17,22,58,5,19,17,1,,,,,,,,,,,,,,,,,,,,,,,,,,,,,,,,,,,,,,,,,,,,,,,,,,,,,,,,,,,,,,,,,,,,,4.033,,,,,,,,,,,,,,,,,,,,,,,,,,,,,,,,,,,,,,,,,,,,,,,,,,,,,,,,,,,,,,,,,,,,,,,,,,,,,,,,,,,,,,,,,,,,,,,,,,,,,,,,,,,,,,,,,,,,,,,,,,,,,,,,,,,,,,,,
S,607791,25189,,TOMKAT RANCH EDUCATIONAL FOUND,PO BOX 726,,PESCADERO,CA,94060-0726,TKR,SS BALE GRAZE,T2-C,06/08/2023,06/12/2023,0,8,All Other Crops,5.7,5.8,0.16,NONE,2,7.2,1.8,4,,12,606,14.9,2.47,287.8,25.5,0.76,965,424,70,1.18,22.1,54,7,22,16,1,,,,,,,,,,,,,,,,,,,,,,,,,,,,,,,,,,,,,,,,,,,,,,,,,,,,,,,,,,,,,,,,,,,,,4.031,,,,,,,,,,,,,,,,,,,,,,,,,,,,,,,,,,,,,,,,,,,,,,,,,,,,,,,,,,,,,,,,,,,,,,,,,,,,,,,,,,,,,,,,,,,,,,,,,,,,,,,,,,,,,,,,,,,,,,,,,,,,,,,,,,,,,,,,
S,607792,25189,,TOMKAT RANCH EDUCATIONAL FOUND,PO BOX 726,,PESCADERO,CA,94060-0726,TKR,SS BALE GRAZE,T2-I,06/08/2023,06/12/2023,0,8,All Other Crops,5.7,5.8,0.16,NONE,2,6.5,4.5,11,,8.9,538,14.2,2.04,248.2,19.9,0.69,837,378,70,0.95,21.1,57,7,20,15,1,,,,,,,,,,,,,,,,,,,,,,,,,,,,,,,,,,,,,,,,,,,,,,,,,,,,,,,,,,,,,,,,,,,,,3.48,,,,,,,,,,,,,,,,,,,,,,,,,,,,,,,,,,,,,,,,,,,,,,,,,,,,,,,,,,,,,,,,,,,,,,,,,,,,,,,,,,,,,,,,,,,,,,,,,,,,,,,,,,,,,,,,,,,,,,,,,,,,,,,,,,,,,,,,
S,607793,25189,,TOMKAT RANCH EDUCATIONAL FOUND,PO BOX 726,,PESCADERO,CA,94060-0726,TKR,SS BALE GRAZE,T2-S,06/08/2023,06/12/2023,0,8,All Other Crops,5.6,5.8,0.17,NONE,2,6.8,2.7,7,,8.4,484,12.6,2.65,197.5,18.9,0.74,848,360,79,0.93,21,58,6,20,14,2,,,,,,,,,,,,,,,,,,,,,,,,,,,,,,,,,,,,,,,,,,,,,,,,,,,,,,,,,,,,,,,,,,,,,3.726,,,,,,,,,,,,,,,,,,,,,,,,,,,,,,,,,,,,,,,,,,,,,,,,,,,,,,,,,,,,,,,,,,,,,,,,,,,,,,,,,,,,,,,,,,,,,,,,,,,,,,,,,,,,,,,,,,,,,,,,,,,,,,,,,,,,,,,,
S,607794,25189,,TOMKAT RANCH EDUCATIONAL FOUND,PO BOX 726,,PESCADERO,CA,94060-0726,TKR,SS BALE GRAZE,T3-C,06/08/2023,06/12/2023,0,8,All Other Crops,5.8,6,0.17,NONE,2,6.1,4.3,10,,11.4,465,12.7,2.4,284.9,22.5,1,886,434,69,1.2,19.7,52,6,22,18,2,,,,,,,,,,,,,,,,,,,,,,,,,,,,,,,,,,,,,,,,,,,,,,,,,,,,,,,,,,,,,,,,,,,,,3.24,,,,,,,,,,,,,,,,,,,,,,,,,,,,,,,,,,,,,,,,,,,,,,,,,,,,,,,,,,,,,,,,,,,,,,,,,,,,,,,,,,,,,,,,,,,,,,,,,,,,,,,,,,,,,,,,,,,,,,,,,,,,,,,,,,,,,,,,
S,607795,25189,,TOMKAT RANCH EDUCATIONAL FOUND,PO BOX 726,,PESCADERO,CA,94060-0726,TKR,SS BALE GRAZE,T3-I,06/08/2023,06/12/2023,0,8,All Other Crops,5.9,5.9,0.16,NONE,2,7.2,6.6,16,,10.1,569,12.6,3.28,336.4,29.3,1.05,927,401,88,1.34,20.5,52,7,23,16,2,,,,,,,,,,,,,,,,,,,,,,,,,,,,,,,,,,,,,,,,,,,,,,,,,,,,,,,,,,,,,,,,,,,,,3.75,,,,,,,,,,,,,,,,,,,,,,,,,,,,,,,,,,,,,,,,,,,,,,,,,,,,,,,,,,,,,,,,,,,,,,,,,,,,,,,,,,,,,,,,,,,,,,,,,,,,,,,,,,,,,,,,,,,,,,,,,,,,,,,,,,,,,,,,
S,607796,25189,,TOMKAT RANCH EDUCATIONAL FOUND,PO BOX 726,,PESCADERO,CA,94060-0726,TKR,SS BALE GRAZE,T3-S,06/08/2023,06/12/2023,0,8,All Other Crops,5.7,6,0.16,NONE,2,5.6,1.5,4,,7.5,380,11.3,1.81,283.6,23.4,0.91,869,395,74,0.85,19.3,54,5,22,17,2,,,,,,,,,,,,,,,,,,,,,,,,,,,,,,,,,,,,,,,,,,,,,,,,,,,,,,,,,,,,,,,,,,,,,3.177,,,,,,,,,,,,,,,,,,,,,,,,,,,,,,,,,,,,,,,,,,,,,,,,,,,,,,,,,,,,,,,,,,,,,,,,,,,,,,,,,,,,,,,,,,,,,,,,,,,,,,,,,,,,,,,,,,,,,,,,,,,,,,,,,,,,,,,,
S,607797,25189,,TOMKAT RANCH EDUCATIONAL FOUND,PO BOX 726,,PESCADERO,CA,94060-0726,TKR,SS BALE GRAZE,T4-C,06/08/2023,06/12/2023,0,8,All Other Crops,5.8,6,0.17,NONE,2,6.1,1,2,,7.5,412,11.2,2.05,212.9,24.3,0.8,1404,407,78,0.92,22,46,5,32,15,2,,,,,,,,,,,,,,,,,,,,,,,,,,,,,,,,,,,,,,,,,,,,,,,,,,,,,,,,,,,,,,,,,,,,,3.185,,,,,,,,,,,,,,,,,,,,,,,,,,,,,,,,,,,,,,,,,,,,,,,,,,,,,,,,,,,,,,,,,,,,,,,,,,,,,,,,,,,,,,,,,,,,,,,,,,,,,,,,,,,,,,,,,,,,,,,,,,,,,,,,,,,,,,,,
S,607798,25189,,TOMKAT RANCH EDUCATIONAL FOUND,PO BOX 726,,PESCADERO,CA,94060-0726,TKR,SS BALE GRAZE,T4-I,06/08/2023,06/12/2023,0,8,All Other Crops,5.7,5.9,0.17,NONE,2,5.3,0.3,1,,8.6,413,10.1,1.76,253.7,28.7,0.85,786,325,54,0.86,18.6,57,6,21,15,1,,,,,,,,,,,,,,,,,,,,,,,,,,,,,,,,,,,,,,,,,,,,,,,,,,,,,,,,,,,,,,,,,,,,,3.023,,,,,,,,,,,,,,,,,,,,,,,,,,,,,,,,,,,,,,,,,,,,,,,,,,,,,,,,,,,,,,,,,,,,,,,,,,,,,,,,,,,,,,,,,,,,,,,,,,,,,,,,,,,,,,,,,,,,,,,,,,,,,,,,,,,,,,,,
S,607799,25189,,TOMKAT RANCH EDUCATIONAL FOUND,PO BOX 726,,PESCADERO,CA,94060-0726,TKR,SS BALE GRAZE,T4-S,06/08/2023,06/12/2023,0,8,All Other Crops,5.7,6.1,0.15,NONE,2,5.3,0.5,1,,8.8,424,10.8,1.69,277.3,27.7,1.01,796,347,51,0.84,17.7,54,6,23,16,1,,,,,,,,,,,,,,,,,,,,,,,,,,,,,,,,,,,,,,,,,,,,,,,,,,,,,,,,,,,,,,,,,,,,,2.887,,,,,,,,,,,,,,,,,,,,,,,,,,,,,,,,,,,,,,,,,,,,,,,,,,,,,,,,,,,,,,,,,,,,,,,,,,,,,,,,,,,,,,,,,,,,,,,,,,,,,,,,,,,,,,,,,,,,,,,,,,,,,,,,,,,,,,,,
S,607800,25189,,TOMKAT RANCH EDUCATIONAL FOUND,PO BOX 726,,PESCADERO,CA,94060-0726,TKR,SS BALE GRAZE,T5-C,06/08/2023,06/12/2023,0,8,All Other Crops,5.8,6.1,0.15,NONE,2,4.7,0.8,2,,6.7,258,9.8,1.27,157.8,23.1,0.8,764,375,45,0.73,16.6,53,4,23,19,1,,,,,,,,,,,,,,,,,,,,,,,,,,,,,,,,,,,,,,,,,,,,,,,,,,,,,,,,,,,,,,,,,,,,,2.513,,,,,,,,,,,,,,,,,,,,,,,,,,,,,,,,,,,,,,,,,,,,,,,,,,,,,,,,,,,,,,,,,,,,,,,,,,,,,,,,,,,,,,,,,,,,,,,,,,,,,,,,,,,,,,,,,,,,,,,,,,,,,,,,,,,,,,,,
S,607801,25189,,TOMKAT RANCH EDUCATIONAL FOUND,PO BOX 726,,PESCADERO,CA,94060-0726,TKR,SS BALE GRAZE,T5-I,06/08/2023,06/12/2023,0,8,All Other Crops,5.7,6,0.14,NONE,2,4.7,0.1,0,,6.6,350,10,1.91,201.9,35.6,1.25,813,355,58,0.75,17.8,54,5,23,17,1,,,,,,,,,,,,,,,,,,,,,,,,,,,,,,,,,,,,,,,,,,,,,,,,,,,,,,,,,,,,,,,,,,,,,2.624,,,,,,,,,,,,,,,,,,,,,,,,,,,,,,,,,,,,,,,,,,,,,,,,,,,,,,,,,,,,,,,,,,,,,,,,,,,,,,,,,,,,,,,,,,,,,,,,,,,,,,,,,,,,,,,,,,,,,,,,,,,,,,,,,,,,,,,,
S,607802,25189,,TOMKAT RANCH EDUCATIONAL FOUND,PO BOX 726,,PESCADERO,CA,94060-0726,TKR,SS BALE GRAZE,T5-S,06/08/2023,06/12/2023,0,8,All Other Crops,5.7,6,0.14,NONE,2,4.5,0.6,2,,6.4,299,8.9,1.6,157.8,21.6,1.03,820,347,48,0.69,18.2,56,4,23,16,1,,,,,,,,,,,,,,,,,,,,,,,,,,,,,,,,,,,,,,,,,,,,,,,,,,,,,,,,,,,,,,,,,,,,,2.658,,,,,,,,,,,,,,,,,,,,,,,,,,,,,,,,,,,,,,,,,,,,,,,,,,,,,,,,,,,,,,,,,,,,,,,,,,,,,,,,,,,,,,,,,,,,,,,,,,,,,,,,,,,,,,,,,,,,,,,,,,,,,,,,,,,,,,,,
S,05/21/3589,12/17/1968,,TOMKAT RANCH EDUCATIONAL FOUND,PO BOX 726,,PESCADERO,CA,94060-0726,TKR,STAGE SOUTH-BG,C1-C,07/15/2024,07/17/2024,0,8,All Other Crops,5.2,,5.9,0.11,NONE,,5.6,,,,,9.9,251,9.2,2.05,229,8.6,0.37,860,437,58,,19.8,55,3,22,,18,1,,,,,,,,,,,,,,,,,,,,,,,,,,,,,,,,,,,,,,,,,,,,,,,,,,,,,,,,,,,,,,,,,,,,,3.15,,3.152,0.98,,,,,,,,,,,,,,,,,,,,,,,221,10.7,20.6,,,,,,,,,,,,,,,,,,,,,,,,,,,,,,,,,,,,,,,,,,,,,,,,,,,,,,,,,,1.6,,,,,,,149,,,,92,,,,,,,,13.3,,,,,,,,,,,,,,,19.06,,,,,,,,67.5,10.7,0,,,
S,05/11/3589,12/17/1968,,TOMKAT RANCH EDUCATIONAL FOUND,PO BOX 726,,PESCADERO,CA,94060-0726,TKR,STAGE SOUTH-BG,C1-I,07/15/2024,07/17/2024,0,8,All Other Crops,5.2,,6,0.09,NONE,1,6.1,,1.5,4,,7,266,8.2,2.35,205.9,8.5,0.36,887,439,55,,19.3,53,4,23,,19,1,,,,,,,,,,,,,,,,,,,,,,,,,,,,,,,,,,,,,,,,,,,,,,,,,,,,,,,,,,,,,,,,,,,,,3.409,,3.412,,,,,,,,,,,,,,,,,,,,,,,,,,,,,,,,,,,,,,,,,,,,,,,,,,,,,,,,,,,,,,,,,,,,,,,,,,,,,,,,,,,,,,,,,,,,,,,,,,,,,,,,,,,,,,,,,,,,,,,,,,,,,,,,,,,
S,05/12/3589,12/17/1968,,TOMKAT RANCH EDUCATIONAL FOUND,PO BOX 726,,PESCADERO,CA,94060-0726,TKR,STAGE SOUTH-BG,C1-S,07/15/2024,07/17/2024,0,8,All Other Crops,5.2,,5.8,0.11,NONE,1,5.8,,0.8,2,,6.8,283,10.4,1.88,208.8,9,0.4,836,432,53,,20.5,57,4,20,,18,1,,,,,,,,,,,,,,,,,,,,,,,,,,,,,,,,,,,,,,,,,,,,,,,,,,,,,,,,,,,,,,,,,,,,,3.151,,3.151,,,,,,,,,,,,,,,,,,,,,,,,,,,,,,,,,,,,,,,,,,,,,,,,,,,,,,,,,,,,,,,,,,,,,,,,,,,,,,,,,,,,,,,,,,,,,,,,,,,,,,,,,,,,,,,,,,,,,,,,,,,,,,,,,,,
S,05/22/3589,12/17/1968,,TOMKAT RANCH EDUCATIONAL FOUND,PO BOX 726,,PESCADERO,CA,94060-0726,TKR,STAGE SOUTH-BG,C2-C,07/15/2024,07/17/2024,0,8,All Other Crops,5.1,,5.8,0.11,NONE,,4.9,,,,,6.9,176,7.5,2.33,229.9,6.7,0.37,817,388,49,,19.8,60,2,21,,16,1,,,,,,,,,,,,,,,,,,,,,,,,,,,,,,,,,,,,,,,,,,,,,,,,,,,,,,,,,,,,,,,,,,,,,2.85,,2.85,0.75,,,,,,,,,,,,,,,,,,,,,,,181,11.4,15.9,,,,,,,,,,,,,,,,,,,,,,,,,,,,,,,,,,,,,,,,,,,,,,,,,,,,,,,,,,< 0.1,,,,,,,75,,,,88,,,,,,,,12.2,,,,,,,,,,,,,,,12.64,,,,,,,,41.5,11.4,0,,,
S,05/13/3589,12/17/1968,,TOMKAT RANCH EDUCATIONAL FOUND,PO BOX 726,,PESCADERO,CA,94060-0726,TKR,STAGE SOUTH-BG,C2-I,07/15/2024,07/17/2024,0,8,All Other Crops,5.4,,6.2,0.1,NONE,1,5.8,,1.8,4,,6.8,211,9.1,3.75,242.6,9.7,0.41,938,407,53,,16.9,48,3,28,,20,1,,,,,,,,,,,,,,,,,,,,,,,,,,,,,,,,,,,,,,,,,,,,,,,,,,,,,,,,,,,,,,,,,,,,,3.091,,3.091,,,,,,,,,,,,,,,,,,,,,,,,,,,,,,,,,,,,,,,,,,,,,,,,,,,,,,,,,,,,,,,,,,,,,,,,,,,,,,,,,,,,,,,,,,,,,,,,,,,,,,,,,,,,,,,,,,,,,,,,,,,,,,,,,,,
S,05/14/3589,12/17/1968,,TOMKAT RANCH EDUCATIONAL FOUND,PO BOX 726,,PESCADERO,CA,94060-0726,TKR,STAGE SOUTH-BG,C2-S,07/15/2024,07/17/2024,0,8,All Other Crops,5.2,,5.9,0.1,NONE,1,5.5,,1.9,4,,7.2,211,8.4,2.29,240.2,8.5,0.42,854,399,60,,19.7,57,3,22,,17,1,,,,,,,,,,,,,,,,,,,,,,,,,,,,,,,,,,,,,,,,,,,,,,,,,,,,,,,,,,,,,,,,,,,,,3.012,,3.012,,,,,,,,,,,,,,,,,,,,,,,,,,,,,,,,,,,,,,,,,,,,,,,,,,,,,,,,,,,,,,,,,,,,,,,,,,,,,,,,,,,,,,,,,,,,,,,,,,,,,,,,,,,,,,,,,,,,,,,,,,,,,,,,,,,
S,05/23/3589,12/17/1968,,TOMKAT RANCH EDUCATIONAL FOUND,PO BOX 726,,PESCADERO,CA,94060-0726,TKR,STAGE SOUTH-BG,C3-C,07/15/2024,07/17/2024,0,8,All Other Crops,5.3,,6.1,0.15,NONE,,4.5,,,,,7.3,222,8.4,1.56,206.7,8.7,0.48,852,368,55,,17.4,53,3,24,,18,1,,,,,,,,,,,,,,,,,,,,,,,,,,,,,,,,,,,,,,,,,,,,,,,,,,,,,,,,,,,,,,,,,,,,,2.483,,2.485,0.41,,,,,,,,,,,,,,,,,,,,,,,182,10.4,17.4,,,,,,,,,,,,,,,,,,,,,,,,,,,,,,,,,,,,,,,,,,,,,,,,,,,,,,,,,,2,,,,,,,42,,,,93,,,,,,,,12.8,,,,,,,,,,,,,,,9.43,,,,,,,,23.1,9.6,0.8,,,
S,05/15/3589,12/17/1968,,TOMKAT RANCH EDUCATIONAL FOUND,PO BOX 726,,PESCADERO,CA,94060-0726,TKR,STAGE SOUTH-BG,C3-I,07/15/2024,07/17/2024,0,8,All Other Crops,5.3,,6,0.11,NONE,1,5.3,,0.7,2,,6.1,223,11.1,1.83,196.4,10.8,0.43,838,354,48,,17.8,56,3,23,,17,1,,,,,,,,,,,,,,,,,,,,,,,,,,,,,,,,,,,,,,,,,,,,,,,,,,,,,,,,,,,,,,,,,,,,,2.794,,2.795,,,,,,,,,,,,,,,,,,,,,,,,,,,,,,,,,,,,,,,,,,,,,,,,,,,,,,,,,,,,,,,,,,,,,,,,,,,,,,,,,,,,,,,,,,,,,,,,,,,,,,,,,,,,,,,,,,,,,,,,,,,,,,,,,,,
S,05/16/3589,12/17/1968,,TOMKAT RANCH EDUCATIONAL FOUND,PO BOX 726,,PESCADERO,CA,94060-0726,TKR,STAGE SOUTH-BG,C3-S,07/15/2024,07/17/2024,0,8,All Other Crops,5.2,,5.9,0.1,NONE,1,4.8,,1,2,,6.6,252,10.2,1.63,194.8,11.7,0.44,773,364,51,,18.8,59,3,21,,16,1,,,,,,,,,,,,,,,,,,,,,,,,,,,,,,,,,,,,,,,,,,,,,,,,,,,,,,,,,,,,,,,,,,,,,2.615,,2.616,,,,,,,,,,,,,,,,,,,,,,,,,,,,,,,,,,,,,,,,,,,,,,,,,,,,,,,,,,,,,,,,,,,,,,,,,,,,,,,,,,,,,,,,,,,,,,,,,,,,,,,,,,,,,,,,,,,,,,,,,,,,,,,,,,,
S,05/24/3589,12/17/1968,,TOMKAT RANCH EDUCATIONAL FOUND,PO BOX 726,,PESCADERO,CA,94060-0726,TKR,STAGE SOUTH-BG,C4-C,07/15/2024,07/17/2024,0,8,All Other Crops,5.2,,6,0.17,NONE,,5.5,,,,,7.2,248,8.4,1.72,208.3,11.6,0.47,797,339,45,,17.5,56,4,23,,16,1,,,,,,,,,,,,,,,,,,,,,,,,,,,,,,,,,,,,,,,,,,,,,,,,,,,,,,,,,,,,,,,,,,,,,3.438,,3.439,0.09,,,,,,,,,,,,,,,,,,,,,,,231,12.9,18,,,,,,,,,,,,,,,,,,,,,,,,,,,,,,,,,,,,,,,,,,,,,,,,,,,,,,,,,,0.5,,,,,,,129,,,,96,,,,,,,,13.4,,,,,,,,,,,,,,,18.11,,,,,,,,55.7,12.9,0,,,
S,05/17/3589,12/17/1968,,TOMKAT RANCH EDUCATIONAL FOUND,PO BOX 726,,PESCADERO,CA,94060-0726,TKR,STAGE SOUTH-BG,C4-I,07/15/2024,07/17/2024,0,8,All Other Crops,5.3,,6.1,0.09,NONE,1,5.2,,0.1,0,,6.6,226,7.9,1.66,212.8,12,0.45,864,427,45,,17.4,50,3,25,,20,1,,,,,,,,,,,,,,,,,,,,,,,,,,,,,,,,,,,,,,,,,,,,,,,,,,,,,,,,,,,,,,,,,,,,,2.839,,2.84,,,,,,,,,,,,,,,,,,,,,,,,,,,,,,,,,,,,,,,,,,,,,,,,,,,,,,,,,,,,,,,,,,,,,,,,,,,,,,,,,,,,,,,,,,,,,,,,,,,,,,,,,,,,,,,,,,,,,,,,,,,,,,,,,,,
S,05/18/3589,12/17/1968,,TOMKAT RANCH EDUCATIONAL FOUND,PO BOX 726,,PESCADERO,CA,94060-0726,TKR,STAGE SOUTH-BG,C4-S,07/15/2024,07/17/2024,0,8,All Other Crops,5.2,,5.9,0.11,NONE,1,5.2,,0.8,2,,7.5,280,10.4,1.96,149.8,14,0.42,807,364,38,,18.8,58,4,21,,16,1,,,,,,,,,,,,,,,,,,,,,,,,,,,,,,,,,,,,,,,,,,,,,,,,,,,,,,,,,,,,,,,,,,,,,2.826,,2.826,,,,,,,,,,,,,,,,,,,,,,,,,,,,,,,,,,,,,,,,,,,,,,,,,,,,,,,,,,,,,,,,,,,,,,,,,,,,,,,,,,,,,,,,,,,,,,,,,,,,,,,,,,,,,,,,,,,,,,,,,,,,,,,,,,,
S,05/25/3589,12/17/1968,,TOMKAT RANCH EDUCATIONAL FOUND,PO BOX 726,,PESCADERO,CA,94060-0726,TKR,STAGE SOUTH-BG,C5-C,07/15/2024,07/17/2024,0,8,All Other Crops,5.3,,6.2,0.13,NONE,,4.2,,,,,7.2,211,10.1,1.17,135.4,8.8,0.42,786,429,48,,16,48,3,25,,22,1,,,,,,,,,,,,,,,,,,,,,,,,,,,,,,,,,,,,,,,,,,,,,,,,,,,,,,,,,,,,,,,,,,,,,2.236,,2.237,0.19,,,,,,,,,,,,,,,,,,,,,,,166,8.6,19.2,,,,,,,,,,,,,,,,,,,,,,,,,,,,,,,,,,,,,,,,,,,,,,,,,,,,,,,,,,0.7,,,,,,,72,,,,95,,,,,,,,9.5,,,,,,,,,,,,,,,11.81,,,,,,,,43.4,8.6,0,,,
S,05/19/3589,12/17/1968,,TOMKAT RANCH EDUCATIONAL FOUND,PO BOX 726,,PESCADERO,CA,94060-0726,TKR,STAGE SOUTH-BG,C5-I,07/15/2024,07/17/2024,0,8,All Other Crops,5.3,,6.1,0.1,NONE,1,4.8,,0.2,0,,6.7,211,8,1.32,141.1,9.8,0.47,823,463,49,,18.2,52,3,23,,21,1,,,,,,,,,,,,,,,,,,,,,,,,,,,,,,,,,,,,,,,,,,,,,,,,,,,,,,,,,,,,,,,,,,,,,2.543,,2.544,,,,,,,,,,,,,,,,,,,,,,,,,,,,,,,,,,,,,,,,,,,,,,,,,,,,,,,,,,,,,,,,,,,,,,,,,,,,,,,,,,,,,,,,,,,,,,,,,,,,,,,,,,,,,,,,,,,,,,,,,,,,,,,,,,,
S,05/20/3589,12/17/1968,,TOMKAT RANCH EDUCATIONAL FOUND,PO BOX 726,,PESCADERO,CA,94060-0726,TKR,STAGE SOUTH-BG,C5-S,07/15/2024,07/17/2024,0,8,All Other Crops,5.1,5.2,5.9,0.11,NONE,1,5,5.21,2.3,5,,6.7,280,9.9,1.62,182.7,12.8,0.45,848,432,45,,19.5,55,4,21,22.8,19,1,,,,,,,,,,,,,,,,,,,,,,,,,,,,,,,,,,,,,,,,,,,,,,,,,,,,,,,,,,,,,,,,,,,,,2.668,,2.668,,,,,,,,,,,,,,,,,,,,,,,,,,,,,,,,,,,,,,,,,,,,,,,,,,,,,,,,,,,,,,,,,,,,,,,,,,,,,,,,,,,,,,,,,,,,,,,,,,,,,,,,,,,,,,,,,,,,,,,,,,,,,,,,,,,
S,05/26/3589,12/17/1968,,TOMKAT RANCH EDUCATIONAL FOUND,PO BOX 726,,PESCADERO,CA,94060-0726,TKR,STAGE SOUTH-BG,T1-C,07/15/2024,07/17/2024,0,8,All Other Crops,5.2,,5.8,0.16,NONE,,5.7,,,,,8.2,336,11.2,1.62,170.3,7.2,0.3,782,390,48,,19.7,58,4,20,,16,1,,,,,,,,,,,,,,,,,,,,,,,,,,,,,,,,,,,,,,,,,,,,,,,,,,,,,,,,,,,,,,,,,,,,,3.482,,3.484,0.61,,,,,,,,,,,,,,,,,,,,,,,220,13.4,16.4,,,,,,,,,,,,,,,,,,,,,,,,,,,,,,,,,,,,,,,,,,,,,,,,,,,,,,,,,,1.2,,,,,,,59,,,,94,,,,,,,,15.2,,,,,,,,,,,,,,,12.17,,,,,,,,26.8,13.4,0,,,
S,05/01/3589,12/17/1968,,TOMKAT RANCH EDUCATIONAL FOUND,PO BOX 726,,PESCADERO,CA,94060-0726,TKR,STAGE SOUTH-BG,T1-I,07/15/2024,07/17/2024,0,8,All Other Crops,5.5,,5.9,0.13,NONE,1,6.2,,5.9,14,,7.8,415,11.9,1.91,204.6,6.7,0.3,853,427,61,,19.8,54,5,22,,18,1,,,,,,,,,,,,,,,,,,,,,,,,,,,,,,,,,,,,,,,,,,,,,,,,,,,,,,,,,,,,,,,,,,,,,3.447,,3.448,,,,,,,,,,,,,,,,,,,,,,,,,,,,,,,,,,,,,,,,,,,,,,,,,,,,,,,,,,,,,,,,,,,,,,,,,,,,,,,,,,,,,,,,,,,,,,,,,,,,,,,,,,,,,,,,,,,,,,,,,,,,,,,,,,,
S,05/02/3589,12/17/1968,,TOMKAT RANCH EDUCATIONAL FOUND,PO BOX 726,,PESCADERO,CA,94060-0726,TKR,STAGE SOUTH-BG,T1-S,07/15/2024,07/17/2024,0,8,All Other Crops,5.3,,5.8,0.13,NONE,1,5.8,,1.6,4,,7.3,347,9.5,1.69,151.1,5.9,0.29,906,463,53,,22,57,4,20,,18,1,,,,,,,,,,,,,,,,,,,,,,,,,,,,,,,,,,,,,,,,,,,,,,,,,,,,,,,,,,,,,,,,,,,,,3.511,,3.511,,,,,,,,,,,,,,,,,,,,,,,,,,,,,,,,,,,,,,,,,,,,,,,,,,,,,,,,,,,,,,,,,,,,,,,,,,,,,,,,,,,,,,,,,,,,,,,,,,,,,,,,,,,,,,,,,,,,,,,,,,,,,,,,,,,
S,05/27/3589,12/17/1968,,TOMKAT RANCH EDUCATIONAL FOUND,PO BOX 726,,PESCADERO,CA,94060-0726,TKR,STAGE SOUTH-BG,T2-C,07/15/2024,07/17/2024,0,8,All Other Crops,5.2,,5.9,0.15,NONE,,5.7,,,,,9.1,330,14.4,2.45,208.8,16.5,0.34,847,362,46,,18.9,56,4,22,,16,1,,,,,,,,,,,,,,,,,,,,,,,,,,,,,,,,,,,,,,,,,,,,,,,,,,,,,,,,,,,,,,,,,,,,,3.363,,3.364,0.43,,,,,,,,,,,,,,,,,,,,,,,263,17.1,15.4,,,,,,,,,,,,,,,,,,,,,,,,,,,,,,,,,,,,,,,,,,,,,,,,,,,,,,,,,,3.2,,,,,,,130,,,,96,,,,,,,,20.7,,,,,,,,,,,,,,,19.24,,,,,,,,49.4,17.1,0,,,
S,05/03/3589,12/17/1968,,TOMKAT RANCH EDUCATIONAL FOUND,PO BOX 726,,PESCADERO,CA,94060-0726,TKR,STAGE SOUTH-BG,T2-I,07/15/2024,07/17/2024,0,8,All Other Crops,5.4,,6.1,0.11,NONE,1,6.5,,2.6,6,,8.8,467,11.9,2.03,183.8,8.7,0.3,906,392,63,,17.9,48,7,25,,18,2,,,,,,,,,,,,,,,,,,,,,,,,,,,,,,,,,,,,,,,,,,,,,,,,,,,,,,,,,,,,,,,,,,,,,3.468,,3.468,,,,,,,,,,,,,,,,,,,,,,,,,,,,,,,,,,,,,,,,,,,,,,,,,,,,,,,,,,,,,,,,,,,,,,,,,,,,,,,,,,,,,,,,,,,,,,,,,,,,,,,,,,,,,,,,,,,,,,,,,,,,,,,,,,,
S,05/04/3589,12/17/1968,,TOMKAT RANCH EDUCATIONAL FOUND,PO BOX 726,,PESCADERO,CA,94060-0726,TKR,STAGE SOUTH-BG,T2-S,07/15/2024,07/17/2024,0,8,All Other Crops,5.3,,5.7,0.1,NONE,1,6.1,,2,5,,7.6,385,15.6,2.16,150.3,8.1,0.3,885,384,58,,21.8,59,5,20,,15,1,,,,,,,,,,,,,,,,,,,,,,,,,,,,,,,,,,,,,,,,,,,,,,,,,,,,,,,,,,,,,,,,,,,,,3.572,,3.573,,,,,,,,,,,,,,,,,,,,,,,,,,,,,,,,,,,,,,,,,,,,,,,,,,,,,,,,,,,,,,,,,,,,,,,,,,,,,,,,,,,,,,,,,,,,,,,,,,,,,,,,,,,,,,,,,,,,,,,,,,,,,,,,,,,
S,05/28/3589,12/17/1968,,TOMKAT RANCH EDUCATIONAL FOUND,PO BOX 726,,PESCADERO,CA,94060-0726,TKR,STAGE SOUTH-BG,T3-C,07/15/2024,07/17/2024,0,8,All Other Crops,5.3,,6.1,0.19,NONE,,5.3,,,,,9.9,385,10,1.8,205.5,9.9,0.41,822,390,47,,17.9,52,6,23,,18,1,,,,,,,,,,,,,,,,,,,,,,,,,,,,,,,,,,,,,,,,,,,,,,,,,,,,,,,,,,,,,,,,,,,,,3.04,,3.04,2.69,,,,,,,,,,,,,,,,,,,,,,,204,12.9,15.8,,,,,,,,,,,,,,,,,,,,,,,,,,,,,,,,,,,,,,,,,,,,,,,,,,,,,,,,,,1.2,,,,,,,109,,,,91,,,,,,,,16.8,,,,,,,,,,,,,,,16.08,,,,,,,,53.4,12.9,0,,,
S,05/05/3589,12/17/1968,,TOMKAT RANCH EDUCATIONAL FOUND,PO BOX 726,,PESCADERO,CA,94060-0726,TKR,STAGE SOUTH-BG,T3-I,07/15/2024,07/17/2024,0,8,All Other Crops,5.4,,6.1,0.09,NONE,1,5.5,,2.7,6,,9.4,349,10.7,1.74,207.3,9.6,0.42,807,383,49,,17.7,53,5,23,,18,1,,,,,,,,,,,,,,,,,,,,,,,,,,,,,,,,,,,,,,,,,,,,,,,,,,,,,,,,,,,,,,,,,,,,,3.257,,3.258,,,,,,,,,,,,,,,,,,,,,,,,,,,,,,,,,,,,,,,,,,,,,,,,,,,,,,,,,,,,,,,,,,,,,,,,,,,,,,,,,,,,,,,,,,,,,,,,,,,,,,,,,,,,,,,,,,,,,,,,,,,,,,,,,,,
S,05/06/3589,12/17/1968,,TOMKAT RANCH EDUCATIONAL FOUND,PO BOX 726,,PESCADERO,CA,94060-0726,TKR,STAGE SOUTH-BG,T3-S,07/15/2024,07/17/2024,0,8,All Other Crops,5.3,,5.8,0.09,NONE,1,5,,1.9,4,,8,318,10.2,1.59,243,11.7,0.43,785,354,54,,20.4,61,4,19,,14,1,,,,,,,,,,,,,,,,,,,,,,,,,,,,,,,,,,,,,,,,,,,,,,,,,,,,,,,,,,,,,,,,,,,,,2.984,,2.986,,,,,,,,,,,,,,,,,,,,,,,,,,,,,,,,,,,,,,,,,,,,,,,,,,,,,,,,,,,,,,,,,,,,,,,,,,,,,,,,,,,,,,,,,,,,,,,,,,,,,,,,,,,,,,,,,,,,,,,,,,,,,,,,,,,
S,05/29/3589,12/17/1968,,TOMKAT RANCH EDUCATIONAL FOUND,PO BOX 726,,PESCADERO,CA,94060-0726,TKR,STAGE SOUTH-BG,T4-C,07/15/2024,07/17/2024,0,8,All Other Crops,5.6,,6.2,0.14,NONE,,5.1,,,,,7.9,406,12.9,1.5,173.6,10.7,0.39,853,345,51,,16.4,49,6,26,,18,1,,,,,,,,,,,,,,,,,,,,,,,,,,,,,,,,,,,,,,,,,,,,,,,,,,,,,,,,,,,,,,,,,,,,,2.782,,2.783,1.44,,,,,,,,,,,,,,,,,,,,,,,200,19.8,10.1,,,,,,,,,,,,,,,,,,,,,,,,,,,,,,,,,,,,,,,,,,,,,,,,,,,,,,,,,,2.9,,,,,,,64,,,,91,,,,,,,,24.2,,,,,,,,,,,,,,,12.89,,,,,,,,32,19.8,0,,,
S,05/07/3589,12/17/1968,,TOMKAT RANCH EDUCATIONAL FOUND,PO BOX 726,,PESCADERO,CA,94060-0726,TKR,STAGE SOUTH-BG,T4-I,07/15/2024,07/17/2024,0,8,All Other Crops,5.4,,6.1,0.1,NONE,1,4.7,,1.3,3,,7.9,309,10.5,1.51,175.9,10.8,0.42,811,369,50,,17,52,5,24,,18,1,,,,,,,,,,,,,,,,,,,,,,,,,,,,,,,,,,,,,,,,,,,,,,,,,,,,,,,,,,,,,,,,,,,,,2.733,,2.735,,,,,,,,,,,,,,,,,,,,,,,,,,,,,,,,,,,,,,,,,,,,,,,,,,,,,,,,,,,,,,,,,,,,,,,,,,,,,,,,,,,,,,,,,,,,,,,,,,,,,,,,,,,,,,,,,,,,,,,,,,,,,,,,,,,
S,05/08/3589,12/17/1968,,TOMKAT RANCH EDUCATIONAL FOUND,PO BOX 726,,PESCADERO,CA,94060-0726,TKR,STAGE SOUTH-BG,T4-S,07/15/2024,07/17/2024,0,8,All Other Crops,5.3,,5.9,0.09,NONE,1,5.4,,1.3,3,,7.4,326,9.9,1.97,189.3,12.3,0.48,897,382,50,,19.4,55,4,23,,16,1,,,,,,,,,,,,,,,,,,,,,,,,,,,,,,,,,,,,,,,,,,,,,,,,,,,,,,,,,,,,,,,,,,,,,2.897,,2.898,,,,,,,,,,,,,,,,,,,,,,,,,,,,,,,,,,,,,,,,,,,,,,,,,,,,,,,,,,,,,,,,,,,,,,,,,,,,,,,,,,,,,,,,,,,,,,,,,,,,,,,,,,,,,,,,,,,,,,,,,,,,,,,,,,,
S,05/30/3589,12/17/1968,,TOMKAT RANCH EDUCATIONAL FOUND,PO BOX 726,,PESCADERO,CA,94060-0726,TKR,STAGE SOUTH-BG,T5-C,07/15/2024,07/17/2024,0,8,All Other Crops,5.3,,6.2,0.13,NONE,,4.5,,,,,8.3,288,9.6,1.5,154.7,13,0.4,850,403,46,,16.9,50,4,25,,20,1,,,,,,,,,,,,,,,,,,,,,,,,,,,,,,,,,,,,,,,,,,,,,,,,,,,,,,,,,,,,,,,,,,,,,2.269,,2.27,0.39,,,,,,,,,,,,,,,,,,,,,,,209,12.4,16.8,,,,,,,,,,,,,,,,,,,,,,,,,,,,,,,,,,,,,,,,,,,,,,,,,,,,,,,,,,0.5,,,,,,,56,,,,90,,,,,,,,13.4,,,,,,,,,,,,,,,11.55,,,,,,,,26.9,12.4,0,,,
S,05/09/3589,12/17/1968,,TOMKAT RANCH EDUCATIONAL FOUND,PO BOX 726,,PESCADERO,CA,94060-0726,TKR,STAGE SOUTH-BG,T5-I,07/15/2024,07/17/2024,0,8,All Other Crops,5.4,,6.2,0.08,NONE,1,4.7,,2,5,,7.5,434,8.7,1.7,145.2,11.4,0.42,840,350,52,,16.9,50,7,25,,17,1,,,,,,,,,,,,,,,,,,,,,,,,,,,,,,,,,,,,,,,,,,,,,,,,,,,,,,,,,,,,,,,,,,,,,2.626,,2.627,,,,,,,,,,,,,,,,,,,,,,,,,,,,,,,,,,,,,,,,,,,,,,,,,,,,,,,,,,,,,,,,,,,,,,,,,,,,,,,,,,,,,,,,,,,,,,,,,,,,,,,,,,,,,,,,,,,,,,,,,,,,,,,,,,,
S,05/10/3589,12/17/1968,,TOMKAT RANCH EDUCATIONAL FOUND,PO BOX 726,,PESCADERO,CA,94060-0726,TKR,STAGE SOUTH-BG,T5-S,07/15/2024,07/17/2024,0,8,All Other Crops,5.3,5.35,6.2,0.08,NONE,1,4.5,5.38,1.5,3,,6.5,269,8.3,1.42,151.6,10.6,0.48,858,406,49,,17.1,50,4,25,22.8,20,1,,,,,,,,,,,,,,,,,,,,,,,,,,,,,,,,,,,,,,,,,,,,,,,,,,,,,,,,,,,,,,,,,,,,,2.314,,2.315,,,,,,,,,,,,,,,,,,,,,,,,,,,,,,,,,,,,,,,,,,,,,,,,,,,,,,,,,,,,,,,,,,,,,,,,,,,,,,,,,,,,,,,,,,,,,,,,,,,,,,,,,,,,,,,,,,,,,,,,,,,,,,,,,,,